id,label
10000,core
100021,core
100024,prolific
100025,collaborator
100029,collaborator
100033,collaborator
100052,core
100077,core
10009,occasional
100099,core
100100,core
100103,core
100105,collaborator
100106,collaborator
100108,core
100131,collaborator
100138,occasional
100143,collaborator
100150,occasional
100152,prolific
100159,core
10016,collaborator
10017,occasional
100181,prolific
100182,prolific
100187,collaborator
100188,collaborator
100192,prolific
100194,core
10021,core
100210,occasional
100211,core
100237,prolific
100238,prolific
100249,prolific
100254,core
100258,occasional
100260,core
100267,occasional
100268,core
100271,prolific
100272,prolific
100286,collaborator
100287,core
100290,core
100296,collaborator
100315,prolific
100352,core
100353,collaborator
100354,core
100358,occasional
100394,prolific
100404,occasional
100408,prolific
100411,collaborator
100412,prolific
100418,prolific
100424,collaborator
100425,prolific
100439,core
100443,collaborator
100444,collaborator
100445,collaborator
100446,occasional
100450,occasional
100452,prolific
100453,collaborator
100456,prolific
100461,core
100462,collaborator
100465,core
100471,prolific
100476,occasional
100478,prolific
100479,core
100480,collaborator
100536,prolific
100538,collaborator
10054,occasional
100548,occasional
10055,occasional
100551,collaborator
10056,prolific
10057,collaborator
100571,collaborator
100573,prolific
100574,occasional
100578,occasional
100579,prolific
10058,collaborator
100581,collaborator
100593,occasional
100606,core
100620,core
100621,core
100622,collaborator
100624,collaborator
100625,occasional
100626,core
100628,occasional
100629,occasional
100630,occasional
100640,prolific
10065,core
100715,core
100716,prolific
100717,prolific
100721,core
100722,prolific
100728,occasional
100730,collaborator
100733,occasional
100734,core
100735,prolific
100736,collaborator
100740,core
100752,prolific
100754,collaborator
100772,collaborator
100773,prolific
100775,collaborator
100778,core
100785,prolific
100791,occasional
100794,core
100795,core
100796,prolific
10080,prolific
100813,collaborator
100815,core
100819,collaborator
100821,core
100875,core
100876,occasional
100884,core
100885,collaborator
100886,collaborator
100888,occasional
100897,collaborator
100900,prolific
100907,occasional
100908,collaborator
100911,collaborator
100912,prolific
100913,occasional
100930,prolific
100937,occasional
100938,occasional
100958,core
100962,collaborator
100970,collaborator
100974,core
100976,prolific
100988,core
100989,collaborator
100990,collaborator
100992,core
100993,core
101002,core
101006,collaborator
101007,core
101024,core
101025,prolific
101035,core
101037,collaborator
101052,prolific
101054,occasional
101055,collaborator
101066,collaborator
101094,occasional
101095,collaborator
101096,occasional
10110,occasional
101102,collaborator
101103,core
101105,core
101107,occasional
101108,prolific
10114,occasional
10116,occasional
101167,occasional
101168,core
10117,core
101170,core
101173,occasional
101174,prolific
101178,core
101181,collaborator
101182,collaborator
101189,collaborator
101190,occasional
101192,collaborator
101196,occasional
101199,collaborator
10120,prolific
101207,occasional
101212,collaborator
101218,core
101219,occasional
101220,core
101222,core
101227,core
101228,core
101229,collaborator
101232,collaborator
101236,occasional
101262,occasional
101265,occasional
101266,collaborator
101267,occasional
101270,core
101271,collaborator
101272,occasional
101273,core
101276,occasional
101278,prolific
101281,occasional
101282,prolific
101287,occasional
101293,occasional
101298,collaborator
101300,collaborator
101308,prolific
101318,collaborator
101319,core
101322,core
101323,prolific
101324,core
101326,core
101332,occasional
101334,collaborator
101336,core
101342,core
101344,collaborator
101346,core
101347,core
101349,collaborator
101361,occasional
101365,core
101368,collaborator
101370,core
101371,core
101374,occasional
101378,prolific
101379,prolific
101383,collaborator
101385,prolific
101388,collaborator
101389,prolific
101390,occasional
101413,collaborator
101422,prolific
101424,occasional
101425,prolific
101436,core
101437,core
101446,occasional
101447,core
101457,core
101461,collaborator
101462,prolific
101463,collaborator
101464,prolific
101465,core
101467,collaborator
101468,prolific
101475,prolific
101495,collaborator
101520,occasional
101521,prolific
101523,core
101528,prolific
10154,core
10155,collaborator
101556,prolific
101557,core
101558,core
101559,collaborator
10156,prolific
101560,prolific
101562,collaborator
101563,prolific
101579,collaborator
10158,prolific
101581,occasional
101585,prolific
101586,core
10160,core
10161,occasional
101610,prolific
101611,core
101612,core
101622,prolific
101625,collaborator
101626,prolific
10163,collaborator
101635,occasional
101641,occasional
101661,core
101662,core
101671,core
101672,collaborator
101673,core
10168,prolific
101682,collaborator
101683,occasional
101695,collaborator
101696,core
101705,prolific
10172,prolific
10174,core
101744,prolific
101748,collaborator
101749,collaborator
101751,core
101780,prolific
101797,occasional
101798,collaborator
101806,collaborator
101807,collaborator
101811,collaborator
101813,occasional
101821,core
101827,collaborator
101836,prolific
10184,occasional
101841,collaborator
101842,prolific
101845,collaborator
101848,core
101849,occasional
101855,core
101860,occasional
101861,collaborator
101863,collaborator
101871,occasional
101872,prolific
101873,prolific
101875,collaborator
101877,collaborator
101890,core
101892,collaborator
101894,occasional
101897,prolific
101903,prolific
10191,core
101917,prolific
101921,prolific
101929,occasional
101930,prolific
101932,core
101936,core
10194,prolific
101940,collaborator
101941,prolific
101942,core
10195,core
101953,occasional
101954,prolific
101958,prolific
101973,occasional
101974,core
101975,occasional
101986,collaborator
10199,prolific
101994,core
101995,occasional
101996,core
102,collaborator
10200,prolific
10201,occasional
102035,core
102038,prolific
102043,prolific
102116,core
102117,prolific
102118,prolific
102125,occasional
102128,prolific
102132,occasional
102133,prolific
102134,collaborator
102135,collaborator
102166,occasional
102167,occasional
102191,collaborator
102194,prolific
102198,occasional
102199,core
102200,prolific
102201,prolific
102203,collaborator
102204,occasional
102205,prolific
102277,occasional
102282,occasional
102305,occasional
102308,collaborator
102309,occasional
102317,collaborator
102326,core
102330,prolific
102331,prolific
102334,core
102335,collaborator
102336,prolific
102337,collaborator
102338,collaborator
102341,collaborator
102344,core
102345,core
102352,collaborator
102353,occasional
102361,core
102362,occasional
102364,occasional
102365,collaborator
102371,occasional
102376,occasional
102382,occasional
102388,collaborator
102397,collaborator
102407,core
102412,core
102414,occasional
102417,collaborator
102422,collaborator
102423,occasional
102424,core
10243,collaborator
10244,core
102456,occasional
102472,collaborator
102474,occasional
102475,prolific
102479,occasional
102480,occasional
102485,occasional
102490,collaborator
102498,occasional
102511,occasional
102523,prolific
102524,collaborator
102525,prolific
102526,occasional
102527,collaborator
102529,prolific
102530,occasional
102531,core
102532,prolific
102550,collaborator
102551,prolific
102572,prolific
102576,prolific
10258,core
102582,collaborator
102586,collaborator
102617,collaborator
102618,occasional
102633,collaborator
102653,collaborator
102654,core
102655,occasional
102661,occasional
102672,prolific
102686,occasional
102687,occasional
102688,core
102691,collaborator
102692,occasional
102698,occasional
102718,core
102720,occasional
102722,occasional
102723,core
102725,prolific
10273,prolific
102731,occasional
102746,occasional
102748,collaborator
102749,occasional
102750,collaborator
102752,prolific
102754,occasional
102755,occasional
102756,core
102758,occasional
102759,prolific
102764,occasional
102766,collaborator
102795,occasional
102805,collaborator
102806,core
102808,occasional
102809,core
102816,core
102817,occasional
102818,collaborator
102855,occasional
102856,collaborator
102874,core
102875,prolific
102876,occasional
102877,prolific
102880,collaborator
102891,occasional
102892,prolific
102905,prolific
102912,occasional
102926,prolific
102928,occasional
102950,prolific
102951,core
102954,occasional
102955,core
103011,core
103013,prolific
103014,collaborator
103018,core
103021,core
103027,core
103028,collaborator
103029,collaborator
103031,core
103032,collaborator
103034,collaborator
103038,collaborator
103046,occasional
103048,core
103049,collaborator
103052,occasional
103053,prolific
103058,prolific
103059,collaborator
103096,core
103098,collaborator
103115,prolific
103116,core
103117,core
103120,prolific
103136,occasional
103169,occasional
103171,collaborator
103173,core
103174,collaborator
103179,core
103195,prolific
103201,core
103205,core
103208,prolific
103211,occasional
103213,prolific
103216,core
103217,prolific
103218,core
103230,occasional
103234,occasional
103235,core
103236,occasional
103264,prolific
103265,occasional
103290,collaborator
103309,occasional
103321,collaborator
103323,prolific
103324,occasional
103326,occasional
103328,occasional
103354,prolific
103361,prolific
103364,collaborator
103365,core
103407,prolific
10341,occasional
103415,collaborator
103429,occasional
103430,occasional
103431,prolific
103432,core
103437,occasional
103447,prolific
103453,collaborator
103454,occasional
103455,collaborator
103456,prolific
103457,prolific
103461,prolific
103463,prolific
103464,prolific
103465,core
103466,collaborator
10347,core
103473,collaborator
103476,occasional
10348,occasional
103484,collaborator
103492,occasional
103498,occasional
103500,occasional
103502,core
103519,core
103549,prolific
103552,collaborator
103558,occasional
103567,collaborator
103571,prolific
103586,prolific
103587,occasional
103589,prolific
103608,occasional
103620,prolific
103629,prolific
103648,occasional
103671,prolific
103672,prolific
103673,prolific
103674,collaborator
103697,core
103698,collaborator
103701,prolific
103706,core
103718,collaborator
10373,collaborator
103749,collaborator
103750,occasional
103752,prolific
103767,prolific
103768,core
103769,collaborator
103770,prolific
103773,collaborator
103778,prolific
103783,collaborator
103784,prolific
103785,core
103786,collaborator
10379,prolific
103796,core
103799,core
103805,prolific
103807,collaborator
103811,occasional
103812,core
103824,core
103825,prolific
103837,occasional
103838,occasional
10384,occasional
103853,prolific
103857,collaborator
103861,core
103894,prolific
103895,occasional
103909,core
103934,core
103935,occasional
103937,occasional
103938,core
103939,core
103942,collaborator
103961,collaborator
10397,prolific
10398,core
103989,collaborator
10399,core
103995,occasional
103997,collaborator
103999,occasional
104000,occasional
104001,occasional
104004,prolific
104005,occasional
104040,prolific
104041,core
104043,core
104045,collaborator
104047,collaborator
104048,prolific
104049,core
104073,collaborator
104074,collaborator
104075,collaborator
104093,core
104094,collaborator
104095,core
104098,occasional
104103,occasional
104104,occasional
104107,prolific
104108,core
104109,collaborator
104113,prolific
104114,prolific
104115,occasional
104154,core
104155,collaborator
104163,prolific
104164,collaborator
104166,occasional
104177,core
104194,collaborator
104197,collaborator
104241,prolific
104248,collaborator
10426,core
104260,core
104262,collaborator
104263,prolific
104265,prolific
104266,occasional
104272,core
104273,occasional
104277,prolific
104278,occasional
10428,prolific
104287,occasional
104288,occasional
104289,core
10429,core
104297,occasional
104298,prolific
104299,prolific
104300,core
104301,core
10431,collaborator
104312,core
104316,prolific
104318,core
104322,collaborator
104323,occasional
104328,occasional
104329,prolific
104365,collaborator
104366,occasional
104367,occasional
104391,core
104395,occasional
104398,prolific
104400,occasional
104401,prolific
104404,prolific
104405,core
104408,collaborator
104409,prolific
104410,occasional
104414,occasional
104415,prolific
104417,occasional
104422,core
104430,occasional
104431,core
104437,prolific
104449,prolific
104450,prolific
104458,core
104466,occasional
104467,core
104468,occasional
104473,occasional
104474,core
104483,collaborator
104485,prolific
104490,occasional
104491,occasional
104522,core
104523,collaborator
104524,prolific
104525,collaborator
104526,prolific
104544,occasional
104545,occasional
104548,core
104589,core
104602,collaborator
104603,collaborator
104652,prolific
104654,core
104655,occasional
104667,core
104669,collaborator
104682,core
104749,occasional
10479,core
104802,collaborator
104803,occasional
104841,prolific
104842,prolific
104845,occasional
104850,occasional
104851,occasional
104854,collaborator
104859,occasional
104865,collaborator
104866,occasional
104877,collaborator
104878,collaborator
104879,core
104880,prolific
104896,occasional
104897,prolific
10490,prolific
104942,core
104953,prolific
104961,prolific
104963,occasional
104964,collaborator
104966,occasional
104967,occasional
104976,prolific
105016,prolific
105017,occasional
105019,occasional
10503,prolific
105034,collaborator
105035,collaborator
105037,occasional
105038,collaborator
105049,occasional
105050,core
105077,prolific
105079,occasional
105083,occasional
105085,occasional
105101,collaborator
105102,occasional
105103,core
105107,collaborator
105108,prolific
105109,core
105110,occasional
105118,core
105142,occasional
105161,core
105191,collaborator
105196,occasional
105197,collaborator
105218,core
105222,occasional
105225,prolific
105227,prolific
105274,occasional
105277,core
105278,prolific
105314,occasional
105316,prolific
105318,occasional
105336,core
105337,core
105345,collaborator
105348,prolific
105349,collaborator
105359,core
105361,occasional
105362,core
105363,core
105366,occasional
105367,collaborator
105392,prolific
105401,core
105404,core
105406,prolific
105409,core
105411,prolific
105412,prolific
105413,prolific
105423,occasional
105437,collaborator
105439,collaborator
105440,occasional
105441,collaborator
105444,collaborator
105467,collaborator
105471,core
105477,occasional
105478,collaborator
105496,occasional
105497,collaborator
105528,collaborator
105545,occasional
105546,prolific
105563,occasional
105568,prolific
105590,core
105595,occasional
105609,prolific
105610,collaborator
105615,core
105616,occasional
105621,prolific
10564,prolific
10565,occasional
105651,prolific
105680,occasional
105686,prolific
105687,collaborator
105688,occasional
105689,occasional
105705,core
105707,collaborator
105725,occasional
105780,prolific
105781,prolific
105784,prolific
105785,core
105798,occasional
105799,prolific
105800,core
105827,core
105834,occasional
105835,prolific
105840,collaborator
105849,prolific
105851,collaborator
105871,collaborator
105901,prolific
105902,collaborator
105906,core
105912,core
105914,prolific
105923,occasional
105925,core
105926,prolific
105927,collaborator
105955,core
105961,prolific
105966,prolific
105967,occasional
105970,collaborator
105972,collaborator
105974,collaborator
105979,prolific
105980,prolific
105990,collaborator
105997,prolific
105998,occasional
105999,prolific
106,prolific
106000,core
106011,occasional
106037,core
106050,collaborator
106051,collaborator
106052,occasional
106054,prolific
106055,core
106056,occasional
106102,core
106111,prolific
106116,core
106121,occasional
106126,prolific
106138,prolific
106139,occasional
106164,prolific
106176,core
106179,collaborator
106202,occasional
106203,core
106205,prolific
106223,collaborator
106224,core
106228,occasional
106232,prolific
106234,occasional
106244,core
106245,collaborator
106274,core
106292,core
106296,prolific
106301,occasional
106303,core
106304,core
106331,collaborator
106338,collaborator
106339,occasional
106340,occasional
106350,prolific
106353,occasional
106355,collaborator
106377,occasional
106387,core
10639,occasional
106392,occasional
106397,prolific
106399,core
10640,prolific
106400,collaborator
106409,occasional
10641,occasional
106412,collaborator
106413,prolific
106414,core
106415,prolific
10643,prolific
10649,core
106497,occasional
106501,prolific
106523,collaborator
106537,core
106546,occasional
106611,core
106619,collaborator
10662,core
106635,core
106636,prolific
106637,collaborator
106638,collaborator
106639,collaborator
106642,core
106644,collaborator
106651,collaborator
106652,collaborator
106685,prolific
106688,collaborator
106690,core
106698,prolific
106701,collaborator
106703,collaborator
106704,prolific
106709,collaborator
106710,core
106712,core
106717,collaborator
106721,core
106740,prolific
106763,collaborator
106765,prolific
106774,core
106776,collaborator
106777,prolific
10678,core
106780,collaborator
106785,occasional
106786,core
10679,core
106794,occasional
106833,occasional
106835,prolific
106837,core
106844,occasional
106846,collaborator
106849,core
106851,prolific
106865,occasional
106866,core
106867,core
106869,occasional
106870,occasional
106875,occasional
106880,core
106881,occasional
106882,occasional
106883,core
106884,core
106885,prolific
106886,collaborator
106888,core
106893,collaborator
106894,prolific
106913,prolific
106916,occasional
106918,prolific
106921,occasional
106934,occasional
106935,core
106945,core
106949,collaborator
106951,occasional
106952,occasional
106954,collaborator
106964,occasional
106974,prolific
107002,occasional
107004,occasional
107005,occasional
107009,core
107011,prolific
107019,occasional
107020,prolific
107023,prolific
107024,prolific
107025,collaborator
107026,occasional
107027,core
107028,core
107032,core
107033,core
107034,occasional
107035,core
107036,prolific
107037,collaborator
107040,core
107042,prolific
107049,core
107050,occasional
107056,prolific
107057,occasional
107060,core
107093,prolific
107097,prolific
107104,prolific
107121,core
107124,collaborator
10713,collaborator
107130,occasional
107134,collaborator
107136,core
107140,prolific
107141,prolific
10715,core
107152,prolific
107159,collaborator
107161,occasional
107162,core
107163,prolific
107166,core
10717,collaborator
10718,prolific
10719,prolific
107194,prolific
107195,prolific
107198,core
10720,collaborator
107202,collaborator
107216,occasional
107236,core
107246,collaborator
107251,core
107253,core
107254,collaborator
107255,occasional
107257,occasional
10726,occasional
107274,prolific
10729,collaborator
107290,prolific
107297,prolific
107306,prolific
107308,core
107309,core
107317,collaborator
10732,collaborator
107324,core
107340,core
107343,prolific
107344,occasional
107351,occasional
107352,occasional
107353,occasional
107363,occasional
107365,prolific
107397,collaborator
107436,core
107466,prolific
107467,occasional
10748,core
10749,prolific
107534,occasional
107540,prolific
107542,core
107546,collaborator
107547,occasional
107581,core
107588,core
107597,collaborator
107601,prolific
107608,collaborator
107618,collaborator
107619,prolific
107622,prolific
107633,prolific
107636,core
107645,core
107646,occasional
107647,occasional
107656,collaborator
107657,collaborator
107658,occasional
10767,collaborator
107671,prolific
107678,core
107679,occasional
107694,core
107701,occasional
107702,core
107703,occasional
107705,core
107706,prolific
10771,occasional
107711,occasional
107713,occasional
107714,prolific
107715,core
107716,occasional
107717,core
107720,prolific
107724,collaborator
107731,occasional
107733,prolific
107757,core
107759,occasional
107761,core
107762,collaborator
107766,occasional
107770,occasional
107771,core
107772,occasional
107773,prolific
107784,prolific
107790,collaborator
107791,prolific
107797,collaborator
107805,core
107807,core
107808,collaborator
107812,prolific
107829,prolific
107830,collaborator
107846,collaborator
10785,core
107852,collaborator
107877,prolific
107879,collaborator
107882,collaborator
107883,collaborator
107884,core
107885,collaborator
107888,occasional
10793,occasional
107933,occasional
107955,prolific
107988,prolific
107989,collaborator
107993,occasional
107994,core
10804,occasional
10805,occasional
108054,prolific
108062,prolific
10807,core
108090,prolific
108094,core
108098,prolific
108099,occasional
108104,occasional
108105,core
108108,core
108109,prolific
108112,prolific
108113,core
108126,core
108139,occasional
108140,occasional
108141,core
108143,occasional
108148,collaborator
108151,prolific
108153,occasional
108155,collaborator
108156,core
108160,occasional
108170,core
108174,prolific
108175,core
108178,collaborator
108181,core
108182,collaborator
108183,occasional
108188,occasional
108189,collaborator
108190,prolific
108191,prolific
108193,prolific
108201,occasional
108203,occasional
108204,prolific
108207,core
108210,prolific
108211,core
108212,prolific
108213,core
108248,occasional
108261,prolific
108270,prolific
108279,collaborator
108283,prolific
108287,core
108288,collaborator
108289,prolific
108291,prolific
108294,occasional
108302,collaborator
108304,core
108309,prolific
108310,occasional
108329,prolific
108330,collaborator
10834,core
108342,occasional
108345,prolific
108363,core
108366,prolific
108376,prolific
108392,collaborator
108393,collaborator
108395,prolific
108396,occasional
108397,collaborator
108405,collaborator
108406,collaborator
108407,collaborator
108408,core
108409,prolific
108418,core
108419,core
108423,prolific
108424,collaborator
108428,occasional
108437,collaborator
108445,collaborator
108446,collaborator
108447,collaborator
108450,occasional
108453,core
108456,occasional
108482,prolific
108484,collaborator
108486,occasional
108487,prolific
108488,occasional
108494,collaborator
108495,collaborator
108500,prolific
108502,occasional
108535,collaborator
108537,prolific
108539,occasional
108545,occasional
108547,prolific
108548,occasional
1086,occasional
108604,collaborator
108608,collaborator
108610,collaborator
108612,prolific
108626,core
10864,occasional
108653,prolific
108712,core
108722,core
10873,prolific
108733,core
108734,collaborator
108737,prolific
108753,occasional
108754,collaborator
108762,occasional
108766,core
108769,collaborator
108770,occasional
108771,prolific
108776,core
108780,occasional
108784,core
108785,occasional
108818,prolific
108820,collaborator
108823,occasional
108825,core
108826,prolific
108850,collaborator
108856,core
108874,prolific
108877,core
108878,prolific
108883,collaborator
108900,collaborator
108906,core
108917,prolific
108918,occasional
108929,collaborator
108930,occasional
108944,occasional
108945,core
108946,core
108947,core
108950,prolific
108951,collaborator
108953,collaborator
108958,occasional
108989,core
10899,prolific
108990,collaborator
108991,prolific
108992,core
10900,core
109000,collaborator
109007,occasional
109009,occasional
109016,core
109025,core
109036,occasional
109037,core
109040,collaborator
109042,collaborator
109043,prolific
10905,occasional
109051,core
109053,prolific
109055,collaborator
109056,occasional
109072,collaborator
109084,core
109090,prolific
109095,core
109101,core
109103,occasional
109104,occasional
109105,core
109106,occasional
109107,prolific
109109,prolific
109111,core
109118,prolific
10914,core
109146,prolific
10915,collaborator
109153,core
109154,prolific
109159,collaborator
109162,core
109164,prolific
109192,prolific
109196,collaborator
109204,occasional
109216,occasional
109217,collaborator
109229,collaborator
109251,core
109257,occasional
10926,core
109267,prolific
109268,collaborator
109270,core
109272,collaborator
109286,core
109317,prolific
109320,prolific
109321,occasional
109330,occasional
109331,prolific
109332,core
109333,collaborator
109334,prolific
109337,prolific
109338,core
109339,prolific
10934,prolific
109340,core
109341,prolific
109363,occasional
109365,occasional
109367,occasional
109369,occasional
109370,prolific
109371,collaborator
109373,occasional
109375,occasional
109378,prolific
109379,prolific
109385,core
109386,occasional
109415,core
109416,occasional
109418,collaborator
109420,prolific
109432,prolific
109439,core
109463,core
109464,prolific
109465,prolific
109469,prolific
1095,occasional
109507,occasional
109509,collaborator
109510,occasional
109513,prolific
109515,occasional
109516,core
109518,prolific
109534,occasional
109536,prolific
109544,core
109545,core
109546,occasional
109547,prolific
109550,collaborator
109551,core
109562,collaborator
109564,occasional
109565,core
109580,collaborator
109581,core
109585,collaborator
109593,prolific
109600,prolific
109602,occasional
109603,core
109604,collaborator
109605,occasional
109606,prolific
109618,prolific
109619,occasional
109670,core
109671,collaborator
109672,prolific
109678,occasional
109679,prolific
109681,prolific
109683,collaborator
109685,core
109686,core
109687,collaborator
109688,occasional
109693,occasional
109695,core
109696,prolific
109697,prolific
109699,occasional
109701,collaborator
109707,prolific
109712,occasional
109732,collaborator
109733,core
109736,collaborator
109748,core
109749,occasional
10976,collaborator
109770,occasional
109771,core
109778,prolific
109780,prolific
109781,core
109785,prolific
109791,prolific
109792,collaborator
109793,collaborator
109795,prolific
109796,collaborator
109819,core
109820,collaborator
109822,collaborator
109827,collaborator
109830,occasional
109834,core
109835,prolific
109843,prolific
109847,occasional
10985,collaborator
109894,core
109896,core
1099,prolific
109907,occasional
109908,occasional
109912,occasional
109942,occasional
109944,core
109949,collaborator
109951,prolific
109952,core
109953,occasional
109976,occasional
109997,prolific
109999,collaborator
110003,collaborator
110004,collaborator
110006,occasional
110012,core
110015,core
110043,collaborator
110055,prolific
11006,collaborator
110064,collaborator
11007,prolific
11008,collaborator
1102,prolific
11020,prolific
110210,core
110211,prolific
110212,collaborator
110219,prolific
11022,collaborator
110223,prolific
110238,core
110239,collaborator
110248,collaborator
110249,collaborator
11025,prolific
110257,core
110259,core
110260,core
110293,core
110295,prolific
110296,collaborator
110297,occasional
110299,core
110300,occasional
110303,prolific
110304,prolific
110319,occasional
110325,collaborator
110327,occasional
110333,prolific
110334,occasional
110335,core
110341,core
110343,collaborator
110356,occasional
110358,occasional
110360,occasional
110363,occasional
110364,collaborator
110365,prolific
110367,collaborator
110369,prolific
110370,prolific
11038,prolific
110385,occasional
110387,collaborator
11039,prolific
110392,core
110393,prolific
11040,collaborator
110402,occasional
110403,core
11041,prolific
110411,occasional
110412,collaborator
110413,collaborator
110422,core
110423,core
110424,prolific
110425,occasional
110427,occasional
110431,collaborator
110432,collaborator
110455,prolific
110456,prolific
110459,collaborator
110461,collaborator
110464,occasional
110470,occasional
110473,occasional
110481,prolific
110484,occasional
110486,core
110487,core
110499,occasional
1105,occasional
11050,collaborator
110505,collaborator
110506,prolific
110519,core
110520,core
110523,prolific
110529,occasional
110535,occasional
110536,prolific
110538,core
110539,core
110541,occasional
110542,collaborator
110544,prolific
110546,prolific
110547,occasional
110557,prolific
110559,core
110570,occasional
110571,core
110572,collaborator
110577,prolific
110583,prolific
110586,core
110587,occasional
110588,occasional
110589,prolific
110590,core
110592,collaborator
110593,core
110596,occasional
110597,prolific
110601,prolific
110602,prolific
110603,collaborator
110608,collaborator
110609,occasional
110618,core
110619,core
110620,core
110621,collaborator
110623,prolific
110624,occasional
110626,occasional
110631,collaborator
110632,collaborator
110634,prolific
110635,prolific
110644,collaborator
110648,occasional
110649,prolific
110650,prolific
110670,occasional
110672,prolific
110679,occasional
110681,core
110682,prolific
110683,prolific
110685,core
110690,occasional
110691,prolific
110704,core
110711,occasional
110713,prolific
110715,collaborator
110739,core
110740,occasional
110741,collaborator
110742,occasional
110743,collaborator
110747,collaborator
110749,core
110750,core
110751,collaborator
110752,core
110755,occasional
110756,prolific
110758,occasional
110773,collaborator
110787,occasional
110788,collaborator
110789,occasional
110790,occasional
110795,core
110796,collaborator
110797,collaborator
110798,prolific
110799,occasional
11080,occasional
110812,prolific
110817,collaborator
11082,occasional
11083,prolific
11084,prolific
11085,prolific
110902,occasional
11091,collaborator
11092,collaborator
110923,prolific
110931,prolific
110937,collaborator
110939,prolific
110940,prolific
110942,collaborator
11095,occasional
110955,prolific
110974,occasional
110975,prolific
110976,prolific
110994,prolific
111014,core
111015,occasional
111016,occasional
11104,prolific
111046,collaborator
11107,prolific
111072,core
111082,prolific
11109,core
111161,prolific
111165,occasional
11117,prolific
111181,occasional
11119,collaborator
111194,collaborator
1112,prolific
111211,prolific
111223,collaborator
111232,core
111244,collaborator
111271,collaborator
111278,core
111303,collaborator
111385,collaborator
111388,core
111396,core
111407,occasional
111411,prolific
111412,occasional
111417,core
111418,collaborator
111419,core
111420,collaborator
111423,occasional
111496,occasional
111497,occasional
111500,collaborator
11152,prolific
11153,prolific
111533,prolific
111539,core
11154,core
11155,collaborator
111557,core
11156,collaborator
111560,occasional
111562,collaborator
111563,core
111565,occasional
111569,occasional
111570,collaborator
111572,prolific
111580,core
111584,core
11159,prolific
111596,core
1116,prolific
111600,prolific
111601,occasional
111607,occasional
111615,collaborator
111616,occasional
111617,prolific
111620,collaborator
111622,core
111630,prolific
111631,collaborator
111635,occasional
111639,prolific
111640,collaborator
111641,core
111642,prolific
11165,prolific
111654,collaborator
111655,collaborator
111660,occasional
111665,occasional
111681,prolific
111683,core
111685,occasional
111686,core
111687,collaborator
111688,collaborator
111709,occasional
11171,prolific
111711,collaborator
111723,core
111729,prolific
111732,occasional
11175,collaborator
11176,occasional
111786,prolific
111788,prolific
111789,prolific
111790,core
111794,prolific
111797,prolific
111802,collaborator
111828,core
111829,core
111832,occasional
11186,prolific
111875,collaborator
111877,occasional
111884,prolific
111887,core
111890,prolific
1119,prolific
111908,collaborator
11191,collaborator
111913,collaborator
111916,occasional
111919,collaborator
111931,occasional
111932,prolific
111933,occasional
111935,occasional
111936,collaborator
111937,collaborator
111938,core
11194,occasional
111942,prolific
111943,core
111945,core
111957,core
111958,collaborator
111967,collaborator
111968,collaborator
11197,prolific
111970,occasional
11198,core
111983,collaborator
111984,occasional
111986,core
11199,occasional
111993,core
111994,occasional
111996,collaborator
111999,occasional
1120,occasional
11200,core
112041,occasional
11205,prolific
112059,core
112060,occasional
112061,prolific
112069,core
112070,collaborator
112071,core
112073,core
112075,occasional
112082,prolific
112085,core
112086,core
112087,core
112091,occasional
112094,core
112097,prolific
112098,occasional
1121,collaborator
112125,collaborator
112157,occasional
112158,prolific
112159,occasional
112160,occasional
112163,occasional
112172,occasional
112173,core
112174,collaborator
112180,prolific
112181,core
112183,collaborator
112184,occasional
112191,collaborator
1122,collaborator
112217,core
112218,core
112221,prolific
112222,occasional
112242,occasional
112243,occasional
112256,collaborator
112258,collaborator
112260,occasional
112264,prolific
112265,collaborator
112266,prolific
112272,collaborator
112273,core
112293,core
112297,occasional
112299,core
1123,collaborator
112304,collaborator
112312,core
112343,core
112344,core
112347,occasional
112362,core
112363,collaborator
112365,core
112367,occasional
112371,occasional
112372,collaborator
112379,collaborator
112383,core
112384,collaborator
112385,prolific
112386,collaborator
112390,prolific
112393,prolific
112410,collaborator
112418,prolific
112419,collaborator
112423,collaborator
112424,occasional
112425,prolific
112427,prolific
112428,core
112430,collaborator
112431,occasional
112435,occasional
112453,core
112476,prolific
112479,occasional
112485,prolific
112486,occasional
112490,occasional
112491,collaborator
112498,prolific
112499,occasional
112500,collaborator
112509,occasional
112527,collaborator
112528,collaborator
112529,prolific
11257,collaborator
11258,occasional
112605,core
112606,occasional
112609,occasional
112612,collaborator
112613,occasional
112615,collaborator
112628,prolific
112631,collaborator
112632,prolific
112634,core
112635,occasional
112638,prolific
112640,core
112641,collaborator
112650,core
112695,prolific
112696,occasional
112697,core
1127,core
11270,collaborator
112705,collaborator
112711,occasional
112715,collaborator
112717,prolific
112719,prolific
112720,core
112725,collaborator
112727,collaborator
11273,core
112734,occasional
112737,collaborator
11274,collaborator
112747,occasional
11275,collaborator
112750,prolific
112751,prolific
112756,occasional
112779,occasional
1128,prolific
112814,prolific
112833,prolific
112848,prolific
112849,occasional
112850,occasional
112868,core
112873,occasional
112886,prolific
112903,collaborator
112904,prolific
112912,prolific
112916,occasional
112937,core
112945,collaborator
112950,collaborator
112956,core
112957,prolific
112972,occasional
112973,prolific
112976,collaborator
11298,collaborator
112982,prolific
112983,collaborator
112989,occasional
113004,collaborator
113007,occasional
113008,prolific
113009,prolific
113013,occasional
113039,occasional
113041,occasional
113042,collaborator
113046,prolific
113049,collaborator
113053,collaborator
113054,occasional
113057,collaborator
113079,core
113081,core
113082,core
113084,core
113086,core
113087,occasional
113138,collaborator
113172,collaborator
113178,core
11318,collaborator
113210,core
113213,collaborator
113222,occasional
113223,prolific
113238,core
113244,occasional
113245,occasional
113246,core
113250,core
113251,occasional
113252,core
113253,core
113254,prolific
113260,prolific
113277,core
113283,occasional
113287,collaborator
113288,core
113298,core
113306,collaborator
113308,collaborator
113309,collaborator
113310,prolific
113335,prolific
113336,prolific
11335,occasional
11337,core
113386,prolific
113390,occasional
1134,occasional
113401,collaborator
113419,collaborator
113426,prolific
113429,core
113430,core
113431,core
113434,occasional
113446,occasional
113481,occasional
113483,occasional
113485,core
113490,core
113528,collaborator
113529,core
113555,occasional
113556,occasional
113558,prolific
113591,core
113592,core
113594,collaborator
113622,collaborator
113652,occasional
113663,prolific
113665,core
113666,core
113667,prolific
113686,core
113689,collaborator
113690,prolific
113702,core
113703,collaborator
113711,collaborator
113717,occasional
113718,core
113719,prolific
113723,collaborator
113726,collaborator
113728,occasional
113737,prolific
113751,occasional
113753,collaborator
113759,core
113773,prolific
113774,core
11378,core
113780,occasional
113781,collaborator
11381,core
113825,prolific
113826,occasional
11383,prolific
113867,core
113868,prolific
113870,occasional
113874,occasional
113879,collaborator
113895,prolific
113898,occasional
113901,occasional
113903,collaborator
113905,occasional
113910,core
113912,prolific
113916,collaborator
113964,core
113976,core
114,prolific
11401,collaborator
114015,occasional
114017,collaborator
114018,occasional
11404,prolific
11407,prolific
114095,core
114097,core
114098,core
114111,prolific
114112,occasional
114114,prolific
114115,prolific
114116,core
114117,collaborator
114118,core
114119,collaborator
11412,occasional
114120,occasional
114124,occasional
114125,core
114126,core
114128,core
114132,prolific
114134,core
114140,prolific
114148,occasional
114151,core
114152,prolific
114154,occasional
114157,occasional
11416,core
114160,collaborator
114161,collaborator
11417,occasional
114183,collaborator
114187,collaborator
114190,prolific
114192,prolific
11420,prolific
114208,occasional
11423,collaborator
114249,core
114250,collaborator
114255,occasional
114265,prolific
114281,occasional
114283,prolific
114284,occasional
114289,core
11430,prolific
114352,prolific
114365,collaborator
114377,occasional
114379,collaborator
114380,occasional
114402,core
114426,collaborator
11443,prolific
114430,core
114433,occasional
114435,prolific
114436,occasional
11444,prolific
114464,occasional
114471,prolific
114472,occasional
114473,collaborator
114474,prolific
11448,prolific
114482,collaborator
114483,occasional
114497,prolific
114500,collaborator
114502,occasional
114509,prolific
114530,prolific
114532,occasional
114533,collaborator
114535,prolific
114537,occasional
114539,prolific
114543,occasional
114576,prolific
114579,core
114586,collaborator
114604,collaborator
114605,core
114606,occasional
114611,collaborator
114614,occasional
114618,prolific
114621,core
114622,occasional
114623,occasional
114624,collaborator
114625,prolific
114626,collaborator
114627,prolific
114631,collaborator
114632,occasional
114635,occasional
114642,core
114645,occasional
114648,occasional
114650,occasional
114677,occasional
114678,core
114679,prolific
114709,core
114715,core
114719,collaborator
11472,prolific
114742,collaborator
114749,core
114751,occasional
114758,prolific
11476,occasional
114761,core
114762,core
11477,core
11478,prolific
114785,collaborator
114789,collaborator
11479,occasional
114790,prolific
114795,occasional
114796,occasional
11480,collaborator
114804,prolific
114805,core
114806,occasional
114807,core
114808,prolific
114809,occasional
114812,core
114813,core
114814,collaborator
114815,prolific
114817,prolific
114818,prolific
114819,occasional
114820,collaborator
114844,occasional
114848,prolific
114850,occasional
114851,core
114854,occasional
114860,occasional
114865,prolific
114867,core
114869,prolific
114871,core
114880,core
114959,core
114965,prolific
114967,core
114970,collaborator
114971,collaborator
114972,collaborator
114977,collaborator
114979,prolific
114982,occasional
114994,occasional
114995,collaborator
115003,occasional
115004,collaborator
115005,collaborator
115007,occasional
115008,occasional
115009,core
115012,collaborator
115016,occasional
115017,occasional
115020,occasional
115021,core
115062,collaborator
115063,collaborator
115065,prolific
115076,core
115084,core
115086,collaborator
115123,prolific
115124,prolific
115125,collaborator
11513,occasional
115137,core
115138,prolific
115140,occasional
115141,prolific
115142,occasional
115143,occasional
115144,core
11519,prolific
115209,prolific
115210,occasional
115211,collaborator
115213,prolific
115214,core
115215,collaborator
115217,prolific
115218,core
115221,collaborator
115231,prolific
115235,core
115240,collaborator
115242,prolific
115248,collaborator
115249,occasional
115255,occasional
115257,collaborator
115259,occasional
115260,occasional
115267,collaborator
115270,occasional
115271,collaborator
115281,collaborator
115283,occasional
11529,prolific
11530,collaborator
115301,collaborator
11531,prolific
115310,occasional
115313,core
115314,prolific
115326,core
115327,occasional
115328,collaborator
115330,collaborator
115331,occasional
115335,occasional
115336,occasional
115337,occasional
115344,occasional
115345,occasional
115347,occasional
115348,collaborator
115351,core
115353,core
115354,collaborator
115356,prolific
11536,core
115361,prolific
115363,collaborator
11538,prolific
115420,collaborator
115421,occasional
115425,occasional
115433,core
115436,core
115438,prolific
115439,prolific
115440,core
115459,occasional
11546,collaborator
115463,occasional
115464,core
115480,collaborator
115491,prolific
115497,core
1155,occasional
115501,prolific
115502,prolific
11551,core
115510,occasional
115518,core
115519,collaborator
11552,collaborator
11553,prolific
115531,occasional
115532,collaborator
115537,collaborator
115543,collaborator
115544,collaborator
115545,core
115550,prolific
115552,prolific
115553,collaborator
115556,prolific
115557,prolific
115558,prolific
115560,prolific
115563,core
11560,collaborator
115607,occasional
115666,core
115667,prolific
115670,collaborator
115672,collaborator
115675,collaborator
115676,collaborator
115678,prolific
115684,collaborator
11569,occasional
1157,occasional
115700,collaborator
115701,prolific
115707,occasional
115709,occasional
115710,occasional
115711,core
115717,core
11572,occasional
115731,prolific
115732,prolific
115733,occasional
115740,occasional
115741,prolific
115742,core
115744,core
115745,occasional
115753,prolific
115774,core
115775,occasional
115784,collaborator
115785,occasional
115786,collaborator
115788,occasional
115795,prolific
115796,prolific
1158,prolific
11580,prolific
11581,collaborator
11588,occasional
11589,prolific
11590,core
115900,core
115902,core
115961,occasional
115963,core
115964,core
115965,collaborator
115966,occasional
115975,occasional
115980,core
115986,occasional
115987,collaborator
115988,collaborator
115992,prolific
116004,collaborator
116007,prolific
116017,core
116018,prolific
116046,prolific
116047,core
116048,prolific
116049,collaborator
116054,core
116069,occasional
116071,prolific
116078,collaborator
116079,occasional
116126,core
116127,core
116128,core
116129,collaborator
116135,occasional
116146,core
116173,collaborator
116174,collaborator
116178,occasional
116179,core
116180,core
116191,prolific
116193,core
116194,occasional
116208,collaborator
116209,occasional
116210,core
116211,collaborator
116214,occasional
116215,core
116216,core
116218,core
116221,prolific
116228,prolific
116230,prolific
116231,collaborator
116284,occasional
1163,collaborator
116319,collaborator
116322,core
116328,core
11633,collaborator
116330,occasional
116331,prolific
116337,collaborator
116338,collaborator
116339,occasional
116343,occasional
116348,collaborator
11635,core
116366,core
116367,collaborator
11637,core
116380,occasional
116385,prolific
116397,occasional
116398,prolific
116399,collaborator
116404,collaborator
116453,prolific
116454,core
116455,collaborator
116478,prolific
116486,core
116487,prolific
116488,collaborator
116489,collaborator
116498,occasional
116514,prolific
116515,core
116516,collaborator
116518,occasional
116519,occasional
116545,core
116567,collaborator
116576,occasional
116579,core
116583,core
116603,prolific
116605,prolific
11664,collaborator
11665,occasional
116658,occasional
116665,prolific
116666,collaborator
11667,occasional
116680,core
116683,core
116685,core
116697,core
116698,prolific
116700,collaborator
116710,core
116711,core
116720,occasional
116722,prolific
116724,occasional
116725,occasional
116728,occasional
116737,core
116738,collaborator
116742,prolific
11675,core
116754,prolific
116756,core
116757,collaborator
116758,collaborator
116780,prolific
116782,occasional
116784,core
116800,prolific
116805,occasional
116806,collaborator
116813,core
116846,collaborator
11685,core
116850,occasional
116851,core
116852,occasional
116865,core
116866,prolific
116869,collaborator
116874,core
116876,core
116880,collaborator
116881,core
116883,collaborator
116885,occasional
116886,prolific
116893,prolific
116894,collaborator
116895,prolific
116901,collaborator
116902,prolific
116909,core
116915,core
116919,prolific
116941,occasional
116947,prolific
116949,core
116957,prolific
116959,core
116961,occasional
116962,occasional
116969,prolific
116971,core
116972,occasional
116973,collaborator
116974,prolific
116975,collaborator
116976,prolific
116978,core
116980,core
116983,collaborator
116987,core
116988,core
117,core
11700,collaborator
117004,core
117005,occasional
117006,prolific
11701,occasional
117012,collaborator
117018,collaborator
117019,core
11705,occasional
117051,collaborator
117053,prolific
117054,collaborator
117063,occasional
11707,prolific
117071,prolific
117076,core
117085,prolific
117090,core
117094,core
117097,collaborator
117121,collaborator
117135,core
117140,occasional
117161,core
117163,occasional
117169,prolific
117170,prolific
117171,prolific
117172,core
117174,occasional
117175,core
117176,prolific
117184,collaborator
11719,prolific
11723,prolific
11725,collaborator
117255,occasional
117259,prolific
117262,occasional
11727,collaborator
11728,collaborator
117288,collaborator
117289,core
11729,occasional
117290,core
117291,collaborator
117297,prolific
117298,core
117306,prolific
117307,core
117308,occasional
117311,prolific
117350,core
117351,collaborator
117352,collaborator
117355,occasional
117356,occasional
117359,core
117362,collaborator
117363,prolific
117370,core
117372,core
117377,collaborator
117378,occasional
117379,prolific
117383,occasional
117384,core
117386,core
117387,collaborator
117394,occasional
117395,core
117396,core
117419,occasional
117422,collaborator
117441,collaborator
117442,prolific
117443,prolific
117444,prolific
117446,occasional
117451,prolific
117455,prolific
117456,occasional
117464,prolific
117466,collaborator
117472,core
117473,collaborator
117478,collaborator
117480,core
117493,collaborator
117498,core
117523,collaborator
11753,occasional
11754,occasional
117579,prolific
117580,occasional
117615,core
117616,prolific
117627,collaborator
117632,occasional
117676,prolific
117678,occasional
117690,prolific
117734,core
117751,core
11776,collaborator
117773,prolific
117774,core
117775,collaborator
117778,prolific
117779,collaborator
117780,core
117782,collaborator
117784,prolific
117785,occasional
117786,core
117788,prolific
117789,prolific
1178,collaborator
117811,core
117812,occasional
117813,occasional
117814,collaborator
117816,core
117817,occasional
117818,core
117830,collaborator
117831,core
117832,core
117837,core
117849,collaborator
117863,collaborator
117867,collaborator
117953,occasional
117965,prolific
117969,core
117971,prolific
117973,core
117986,core
117988,core
117989,collaborator
11799,occasional
117993,collaborator
117994,core
118004,prolific
118007,core
118013,core
118014,occasional
118022,core
118024,collaborator
118025,occasional
118027,occasional
118028,occasional
118030,core
118039,occasional
118040,occasional
118058,collaborator
118065,prolific
118067,collaborator
118068,collaborator
118076,prolific
118079,prolific
1181,occasional
118103,collaborator
118116,core
118119,collaborator
118133,prolific
118134,occasional
118136,occasional
118142,occasional
118143,core
118146,core
118148,prolific
118163,occasional
118170,collaborator
118173,occasional
118174,collaborator
118179,collaborator
118182,core
118184,occasional
118193,prolific
118211,occasional
118261,occasional
118280,prolific
118286,prolific
1183,occasional
118306,prolific
118307,collaborator
118308,core
118310,prolific
118311,collaborator
118312,core
118320,prolific
118325,core
118326,occasional
118328,prolific
118331,collaborator
118341,collaborator
118342,core
118344,collaborator
118346,collaborator
118349,prolific
118359,core
118377,collaborator
118378,occasional
118379,prolific
118384,collaborator
118393,collaborator
118396,collaborator
118403,prolific
118404,prolific
118406,core
118407,prolific
118408,collaborator
118420,collaborator
118425,occasional
118429,prolific
118437,collaborator
118438,occasional
118439,core
118452,core
118468,core
118469,collaborator
118478,collaborator
118480,core
118483,occasional
118487,core
118488,prolific
118493,collaborator
118494,collaborator
11851,prolific
118510,collaborator
118513,prolific
118516,core
118519,core
118520,collaborator
118549,collaborator
118558,core
118559,prolific
11856,core
118561,prolific
118568,occasional
11857,core
118573,prolific
118578,prolific
118579,prolific
118580,collaborator
118583,collaborator
118584,occasional
1186,occasional
118630,prolific
118631,collaborator
118633,prolific
118637,collaborator
118638,collaborator
118639,occasional
118641,prolific
118643,prolific
118645,collaborator
118654,collaborator
118655,core
11866,occasional
11867,core
118675,collaborator
118690,prolific
118693,collaborator
1187,core
11870,occasional
11874,collaborator
118743,prolific
118749,core
11875,collaborator
118760,prolific
118762,prolific
118763,collaborator
118766,core
118769,prolific
118770,occasional
118779,core
1188,prolific
118800,collaborator
118835,collaborator
118859,core
118860,prolific
118871,prolific
118896,core
118898,core
118912,core
118929,occasional
118930,occasional
118937,occasional
118938,collaborator
118940,occasional
118942,occasional
118943,occasional
118945,prolific
118947,occasional
118948,core
118949,occasional
118950,collaborator
118952,collaborator
118958,occasional
118966,core
118980,core
118981,prolific
118982,core
118984,prolific
119,prolific
119007,core
119015,core
119031,prolific
119032,collaborator
119041,occasional
119042,collaborator
119047,core
119048,core
119083,prolific
119086,occasional
119087,core
119089,occasional
119091,collaborator
119093,occasional
119094,collaborator
119095,core
119097,core
119099,prolific
119100,collaborator
119101,collaborator
119102,occasional
119107,prolific
119110,prolific
11913,prolific
119135,collaborator
119136,core
11914,core
119145,occasional
119146,occasional
119149,collaborator
119150,core
119151,prolific
119153,core
119154,occasional
119158,core
119159,prolific
11916,occasional
119162,collaborator
119163,core
119164,core
11917,collaborator
119178,collaborator
119179,prolific
11918,core
119180,occasional
119181,core
119185,prolific
119186,occasional
119190,occasional
119195,occasional
119197,prolific
119198,core
119210,occasional
119213,collaborator
119215,prolific
119216,occasional
119217,prolific
119219,collaborator
11922,occasional
119220,core
119231,prolific
119236,occasional
11925,occasional
119253,prolific
119254,collaborator
119266,prolific
119270,core
119273,collaborator
119286,core
119317,core
119319,prolific
119324,occasional
119326,collaborator
119359,core
119360,occasional
119364,occasional
119365,occasional
119368,collaborator
119370,occasional
119372,prolific
119373,core
119374,occasional
119392,core
119395,collaborator
119410,core
119411,occasional
119412,collaborator
119413,collaborator
119416,collaborator
119420,collaborator
119421,collaborator
119423,core
119424,occasional
119434,core
119436,occasional
119448,collaborator
119449,collaborator
11945,prolific
119452,prolific
119453,core
119457,core
119458,occasional
119462,occasional
119480,prolific
119515,prolific
119518,occasional
119523,core
119528,occasional
119533,core
119534,occasional
119535,collaborator
119539,collaborator
119543,core
119546,core
119548,core
119558,prolific
119569,prolific
119581,occasional
119582,prolific
119585,occasional
119591,occasional
119593,occasional
119594,core
119600,collaborator
119604,prolific
119615,occasional
119616,collaborator
119617,occasional
119618,core
119619,occasional
119620,prolific
119622,collaborator
119623,core
11963,occasional
119664,prolific
119665,prolific
119667,core
119668,prolific
119669,prolific
119671,prolific
119678,prolific
119681,occasional
119683,core
119697,collaborator
119702,collaborator
119709,prolific
119711,occasional
119714,prolific
119719,prolific
11973,occasional
119739,core
119745,collaborator
119748,occasional
119757,collaborator
119758,occasional
11976,occasional
119762,prolific
119764,core
119766,collaborator
119779,core
11978,prolific
119780,occasional
119786,collaborator
119790,core
119792,collaborator
119794,collaborator
119797,collaborator
119804,core
119833,collaborator
119843,core
119844,occasional
119847,core
119863,prolific
119864,collaborator
119867,prolific
119869,prolific
119873,occasional
119906,occasional
119907,core
119908,core
119919,collaborator
119952,prolific
119958,occasional
119959,occasional
119960,collaborator
119969,occasional
119973,prolific
119975,prolific
119977,collaborator
119978,prolific
119998,core
119999,prolific
120,core
120000,occasional
120012,core
120017,collaborator
120019,collaborator
120021,collaborator
120022,collaborator
120029,collaborator
120030,prolific
120032,occasional
120034,core
120050,core
120051,occasional
120052,collaborator
120055,collaborator
12008,core
120091,collaborator
120094,prolific
120095,prolific
120103,prolific
120106,occasional
12011,occasional
120112,prolific
12012,occasional
120122,prolific
120125,collaborator
120149,occasional
120154,prolific
120156,occasional
120157,core
120161,core
120163,prolific
120166,prolific
120167,prolific
120169,core
120170,occasional
120174,core
120177,prolific
120178,prolific
120185,prolific
120187,prolific
120188,prolific
120199,prolific
120205,collaborator
120206,collaborator
120207,collaborator
120249,core
120252,occasional
120254,prolific
120257,collaborator
120290,core
120292,occasional
120294,prolific
120295,prolific
120321,occasional
12033,occasional
120335,occasional
120336,core
120338,collaborator
120339,prolific
12039,collaborator
12041,occasional
12042,prolific
120425,prolific
120437,collaborator
120438,collaborator
120443,prolific
120454,core
120459,occasional
120460,collaborator
120463,prolific
120464,collaborator
120476,prolific
12048,core
120482,collaborator
120491,prolific
120494,collaborator
12050,prolific
120507,occasional
120508,prolific
120522,prolific
120525,prolific
120527,prolific
12055,occasional
120556,core
120557,occasional
120558,core
120559,core
12058,occasional
120586,collaborator
120588,core
12059,occasional
120599,prolific
120603,occasional
120604,core
120609,collaborator
120618,collaborator
120619,collaborator
120622,prolific
120624,occasional
120626,occasional
120629,collaborator
120630,prolific
120631,collaborator
120646,core
120647,occasional
120678,prolific
120679,collaborator
12068,prolific
120682,core
120689,core
12069,occasional
120697,prolific
120698,collaborator
120704,collaborator
120705,collaborator
12073,occasional
120732,core
120747,collaborator
120748,occasional
120750,occasional
12076,occasional
120761,occasional
120762,occasional
12077,occasional
120773,core
120774,core
120779,collaborator
12078,prolific
120783,core
12079,prolific
120791,collaborator
120792,core
120793,core
120794,collaborator
120795,collaborator
120798,prolific
120799,prolific
12080,collaborator
120800,core
120802,occasional
120804,prolific
120805,collaborator
120809,core
12081,core
120810,prolific
120822,prolific
120832,occasional
120833,prolific
120834,occasional
120835,collaborator
120839,prolific
120840,occasional
120842,prolific
120849,collaborator
12085,collaborator
120851,occasional
120859,core
12086,collaborator
120865,collaborator
120884,collaborator
12089,collaborator
120894,core
120911,collaborator
120926,core
120927,prolific
120929,core
120947,occasional
120951,prolific
120953,core
120959,core
120960,core
120961,core
120989,core
120992,core
120993,occasional
120994,occasional
120995,occasional
120996,core
120998,prolific
121002,occasional
121003,collaborator
121026,collaborator
121030,core
121031,prolific
121037,occasional
121039,core
121041,prolific
121052,collaborator
121054,occasional
121071,core
121073,core
121075,prolific
121076,core
121081,core
121100,occasional
121103,collaborator
121112,collaborator
121118,prolific
121131,collaborator
121133,prolific
121140,occasional
121147,prolific
121149,collaborator
121150,core
121151,occasional
121181,collaborator
121182,occasional
121189,prolific
121190,collaborator
121196,core
121205,core
121209,core
121210,core
121211,occasional
121212,collaborator
121217,core
121218,core
121223,core
121270,prolific
121278,collaborator
121399,occasional
121402,prolific
121403,prolific
121444,occasional
121461,core
12147,core
12148,collaborator
12150,core
12151,prolific
121513,prolific
12152,prolific
121550,occasional
121552,core
121553,core
121554,core
121571,core
121581,collaborator
121582,collaborator
121596,prolific
1216,prolific
121608,occasional
121611,prolific
121617,core
121625,prolific
121626,prolific
121630,collaborator
121632,core
121635,occasional
121636,occasional
121637,occasional
12164,prolific
12165,occasional
121653,occasional
121654,occasional
121655,collaborator
121656,core
12166,collaborator
12167,core
121691,collaborator
121693,core
121694,occasional
121696,occasional
121697,occasional
1217,collaborator
12172,occasional
121722,prolific
121726,core
121727,collaborator
121752,occasional
121753,occasional
121754,core
121758,occasional
121760,occasional
121767,core
121768,core
121770,prolific
1218,prolific
121831,core
121832,collaborator
121839,prolific
12185,core
12186,occasional
121863,collaborator
121864,occasional
121869,prolific
12187,occasional
121891,collaborator
121897,core
121898,core
121901,collaborator
121903,occasional
121909,occasional
121916,collaborator
121928,core
121929,occasional
121939,prolific
121940,collaborator
121943,prolific
121948,prolific
121949,core
121959,collaborator
121960,occasional
121961,occasional
121965,collaborator
121966,core
121967,occasional
121968,occasional
121969,occasional
121970,core
121988,occasional
121989,occasional
122003,prolific
12203,core
122030,occasional
122032,core
122037,core
12204,occasional
122040,occasional
122041,core
12205,core
122066,core
122067,prolific
122072,collaborator
122076,occasional
122078,prolific
122101,prolific
122105,core
122128,collaborator
122131,occasional
122133,prolific
122134,occasional
122139,prolific
122140,occasional
122141,core
122148,core
122153,collaborator
122155,core
122159,prolific
122160,prolific
122161,prolific
122164,prolific
122165,core
122169,core
122178,collaborator
12218,occasional
122181,collaborator
122182,occasional
122184,core
122186,prolific
122187,collaborator
122188,collaborator
122191,core
122193,occasional
122195,collaborator
122201,occasional
122213,collaborator
122214,prolific
122218,core
122219,occasional
12224,core
12225,core
122272,occasional
122273,occasional
122274,collaborator
122276,occasional
122288,core
122290,core
122291,occasional
122292,occasional
122293,collaborator
122294,collaborator
122308,collaborator
122310,core
122311,occasional
122336,prolific
122337,occasional
122341,occasional
122347,collaborator
122349,prolific
122351,occasional
122352,prolific
122353,prolific
122363,occasional
122364,collaborator
122368,collaborator
122369,occasional
12237,prolific
122386,prolific
122387,collaborator
122391,collaborator
122394,collaborator
122403,prolific
122407,prolific
122425,collaborator
122431,collaborator
122460,prolific
122461,core
122465,prolific
122470,occasional
122471,occasional
122472,prolific
122476,occasional
122485,core
122488,core
122489,core
12249,occasional
122491,collaborator
122495,core
122497,core
122518,collaborator
122519,prolific
122521,collaborator
122536,prolific
122538,prolific
122543,collaborator
122546,core
122551,prolific
122552,collaborator
122555,core
122556,prolific
122561,occasional
122562,core
122568,collaborator
122571,occasional
122572,collaborator
122577,prolific
122581,core
122583,occasional
122584,occasional
122594,occasional
122596,prolific
122598,core
122600,core
122601,prolific
122637,collaborator
12265,occasional
122652,collaborator
122654,prolific
122663,collaborator
122664,collaborator
122668,prolific
12267,occasional
122670,collaborator
122700,core
122710,collaborator
122712,collaborator
122718,core
122722,occasional
122729,core
122730,occasional
122740,prolific
122741,prolific
122742,collaborator
122743,collaborator
122745,prolific
122746,core
122747,prolific
122751,occasional
122753,collaborator
122755,core
122787,collaborator
122801,prolific
122802,core
122805,prolific
122806,occasional
122808,prolific
122813,core
122815,prolific
122816,collaborator
122817,collaborator
122852,core
122853,collaborator
122854,occasional
12286,occasional
122862,core
122863,prolific
122864,collaborator
122865,collaborator
122873,prolific
122877,prolific
122880,prolific
122883,prolific
122893,collaborator
122894,occasional
122895,core
122897,core
122899,prolific
12290,occasional
122900,collaborator
122902,collaborator
122908,core
122909,prolific
122911,occasional
122914,core
122921,occasional
122922,prolific
122924,prolific
122925,core
122926,prolific
122928,occasional
122929,occasional
12293,core
122937,prolific
122938,collaborator
122957,prolific
122958,core
122961,core
122962,collaborator
122978,core
122979,core
122980,collaborator
122981,collaborator
122993,occasional
122995,core
122996,collaborator
123021,occasional
123034,core
123035,collaborator
123038,core
123043,occasional
123044,prolific
123048,core
123049,core
123050,core
123051,core
123065,collaborator
123069,prolific
123099,core
1231,collaborator
123100,prolific
123101,occasional
123121,occasional
123122,occasional
123123,occasional
123127,occasional
123131,prolific
123132,core
123134,occasional
123142,core
123144,core
123145,core
123148,core
123152,core
123153,prolific
123201,core
123202,prolific
123203,prolific
123204,core
123205,prolific
123233,occasional
123235,occasional
123238,occasional
123239,core
123240,occasional
123241,collaborator
123243,collaborator
123244,collaborator
123247,occasional
123267,prolific
123268,collaborator
123271,prolific
123277,prolific
12328,core
123284,collaborator
123286,core
123287,core
123293,core
123300,occasional
123303,core
123308,prolific
123339,collaborator
123340,prolific
123341,collaborator
123345,occasional
123346,collaborator
123347,collaborator
12336,collaborator
12337,collaborator
12338,prolific
123389,collaborator
12339,core
123395,collaborator
123397,core
123413,occasional
123421,core
123424,prolific
123431,core
123433,prolific
123434,core
123437,collaborator
123438,occasional
123456,prolific
123457,prolific
123458,collaborator
123477,collaborator
123478,core
123485,prolific
123487,core
123495,collaborator
1235,prolific
12350,occasional
123503,occasional
12351,prolific
123516,prolific
123529,collaborator
123538,prolific
123541,prolific
123549,occasional
123552,collaborator
123556,core
123558,prolific
123570,collaborator
123581,collaborator
123593,occasional
123599,prolific
123602,prolific
123603,collaborator
123604,prolific
123609,occasional
123618,occasional
123633,occasional
123634,prolific
123642,prolific
123670,occasional
123671,core
123672,collaborator
123673,core
123674,prolific
123677,collaborator
123695,collaborator
123696,prolific
123697,core
123698,core
123699,core
123701,core
123704,occasional
123706,collaborator
123714,core
123715,prolific
123757,occasional
12376,collaborator
123762,prolific
123763,occasional
123764,collaborator
123787,prolific
123788,collaborator
123790,occasional
123791,core
123792,occasional
123793,prolific
123798,core
123799,collaborator
123800,collaborator
123834,collaborator
123835,occasional
123836,collaborator
123838,collaborator
123876,collaborator
123878,occasional
123879,prolific
123880,core
123889,collaborator
1239,occasional
123909,collaborator
123910,core
123911,prolific
123951,prolific
123955,collaborator
123956,core
123958,collaborator
123968,prolific
124,occasional
1240,occasional
124013,occasional
124023,core
124027,core
124032,prolific
124033,core
124034,prolific
124036,prolific
124038,collaborator
12405,occasional
124056,occasional
12407,prolific
124078,core
12409,prolific
124092,occasional
124094,collaborator
124095,occasional
12410,prolific
124109,prolific
124118,occasional
124119,occasional
124126,core
124128,collaborator
124140,occasional
124143,collaborator
124144,collaborator
124145,core
124146,prolific
124150,collaborator
124153,collaborator
124156,collaborator
124157,collaborator
124158,prolific
12418,core
124181,collaborator
124188,occasional
124190,prolific
124191,core
124196,occasional
124216,occasional
124221,occasional
12423,collaborator
124231,collaborator
124233,occasional
124242,core
124243,collaborator
124244,core
124245,collaborator
124247,collaborator
124248,collaborator
124249,core
124277,collaborator
124281,core
124291,collaborator
124294,prolific
124296,collaborator
124297,occasional
124299,core
124305,prolific
124306,core
124309,collaborator
124311,occasional
124313,occasional
124315,occasional
124317,collaborator
124318,collaborator
124319,occasional
124323,collaborator
124324,collaborator
124351,prolific
124352,collaborator
124353,prolific
124354,occasional
124358,core
124359,collaborator
124363,occasional
124364,occasional
124368,collaborator
124370,core
124390,core
124395,collaborator
124399,occasional
124401,collaborator
124404,core
124406,collaborator
124407,occasional
124430,core
124431,core
124432,core
124448,occasional
124458,collaborator
12446,core
12448,occasional
124480,occasional
12449,prolific
12450,core
124529,occasional
124533,collaborator
124535,occasional
124536,occasional
124546,prolific
124566,core
124585,occasional
124587,collaborator
124591,prolific
124592,occasional
124593,collaborator
124596,core
124599,prolific
124618,occasional
124619,prolific
12462,collaborator
124620,core
124629,core
12463,core
124631,core
124632,occasional
124633,collaborator
124634,prolific
124635,occasional
124636,prolific
124638,core
124639,collaborator
124641,occasional
124642,prolific
124646,prolific
124647,occasional
12465,prolific
124653,prolific
124655,occasional
124658,collaborator
124659,occasional
12466,occasional
124668,collaborator
124669,prolific
124682,occasional
124683,prolific
124686,prolific
124687,prolific
124689,occasional
124692,collaborator
124693,core
124701,collaborator
124702,occasional
12471,collaborator
124713,core
12472,collaborator
124741,occasional
124746,prolific
124751,core
124756,collaborator
124763,occasional
124765,core
124779,core
124780,collaborator
124789,occasional
124790,occasional
124791,core
124793,core
124794,prolific
124795,collaborator
124796,prolific
124797,core
124808,core
124809,occasional
124823,occasional
124824,prolific
124829,core
124838,collaborator
124840,occasional
124849,occasional
124850,core
124862,collaborator
124874,prolific
124875,collaborator
124913,core
124924,collaborator
124926,collaborator
124928,core
124929,prolific
124933,collaborator
124934,core
124936,collaborator
124937,core
124939,prolific
12494,occasional
124945,prolific
124956,occasional
12496,occasional
12497,collaborator
124983,core
124998,core
1250,core
125001,prolific
125005,prolific
125006,prolific
125007,prolific
125009,collaborator
12501,collaborator
125017,occasional
125019,occasional
125022,core
125038,prolific
125039,collaborator
12504,occasional
125040,core
125044,core
125045,prolific
125048,prolific
125049,core
12505,prolific
125054,prolific
125055,occasional
125058,occasional
125061,occasional
125063,collaborator
125082,prolific
125089,occasional
12509,occasional
125090,core
125098,occasional
125100,core
125102,prolific
125105,core
125116,occasional
125119,collaborator
12513,collaborator
125136,prolific
125137,occasional
125156,prolific
125161,core
125164,prolific
125165,collaborator
125166,prolific
125169,core
125170,occasional
125171,prolific
125184,core
125188,collaborator
125189,occasional
125190,prolific
125192,prolific
125204,collaborator
125206,prolific
125226,collaborator
125230,collaborator
125231,occasional
125232,collaborator
125233,collaborator
125235,collaborator
125267,prolific
125269,collaborator
125280,collaborator
125281,collaborator
125282,collaborator
125285,prolific
125302,collaborator
125316,core
125317,core
125318,core
125319,occasional
125345,core
125350,core
125365,occasional
125371,prolific
125373,prolific
125380,occasional
12539,prolific
125399,occasional
12540,collaborator
125400,prolific
125420,occasional
125425,collaborator
12544,collaborator
12545,core
125454,occasional
125455,occasional
125460,core
125462,prolific
125463,occasional
125466,collaborator
125467,occasional
12547,core
125471,occasional
12548,prolific
12549,core
1255,core
125512,collaborator
125524,occasional
125557,core
125561,prolific
125563,prolific
125595,prolific
125596,collaborator
125609,prolific
125612,collaborator
125625,prolific
125664,occasional
125678,prolific
125679,prolific
125680,collaborator
125697,occasional
125733,occasional
125734,collaborator
125735,occasional
125745,prolific
125766,prolific
125768,occasional
125770,prolific
125774,occasional
125775,collaborator
125784,collaborator
125786,collaborator
125787,core
125789,prolific
125791,collaborator
125793,occasional
125815,occasional
125842,collaborator
125853,collaborator
125854,collaborator
125855,occasional
125867,core
125892,collaborator
125910,occasional
125911,occasional
125913,collaborator
125915,prolific
125916,occasional
125921,prolific
125928,prolific
125935,core
125937,occasional
125939,core
125940,collaborator
125942,core
125944,collaborator
125946,prolific
125954,occasional
125956,core
125957,occasional
125993,prolific
125994,prolific
12600,prolific
126000,prolific
126011,prolific
126015,prolific
126016,core
126043,occasional
126045,core
126052,prolific
126053,collaborator
126055,collaborator
12606,prolific
126063,prolific
126092,prolific
126094,occasional
12610,occasional
126100,core
126101,occasional
126102,prolific
126103,occasional
126106,collaborator
126108,collaborator
12613,prolific
12614,occasional
12615,occasional
126152,core
126157,core
126158,collaborator
126159,prolific
126164,collaborator
126167,prolific
126168,prolific
126194,prolific
126199,prolific
12620,occasional
12621,prolific
12622,occasional
12623,prolific
126239,occasional
126246,occasional
126251,collaborator
126258,collaborator
126259,core
126260,collaborator
126261,collaborator
126264,prolific
126265,core
126291,collaborator
126292,collaborator
126293,occasional
126294,core
126295,core
126298,core
12630,occasional
12631,core
12633,core
126340,occasional
126341,core
126354,core
126356,prolific
126357,collaborator
126394,core
126397,occasional
12644,prolific
12645,collaborator
126451,collaborator
12646,prolific
126466,occasional
126468,collaborator
126469,collaborator
126478,collaborator
126487,core
126488,core
126489,prolific
126491,prolific
126492,occasional
126509,occasional
126533,prolific
126538,occasional
126543,collaborator
126549,collaborator
126550,occasional
12656,occasional
126566,prolific
12658,prolific
126587,occasional
12667,collaborator
126679,core
126684,occasional
1267,prolific
126712,prolific
126716,occasional
126724,prolific
126737,collaborator
126739,prolific
126746,core
126747,core
126748,collaborator
126758,prolific
126760,prolific
126762,occasional
126769,core
126770,occasional
126780,occasional
126782,prolific
126783,core
12680,occasional
12681,prolific
12683,collaborator
126830,core
126831,prolific
126834,collaborator
126838,occasional
126839,occasional
126847,occasional
126848,collaborator
126860,collaborator
126861,occasional
126862,occasional
12689,collaborator
12690,prolific
126916,core
126917,occasional
126919,collaborator
126924,prolific
126933,prolific
126934,prolific
126935,occasional
126937,collaborator
126945,core
126948,collaborator
126950,collaborator
126956,prolific
126957,core
126959,occasional
126965,occasional
126966,prolific
126975,occasional
126976,collaborator
126982,prolific
126983,core
126984,collaborator
126985,core
126986,core
126989,collaborator
126990,core
126992,prolific
127016,prolific
127035,collaborator
12704,occasional
12705,core
127054,collaborator
127057,core
127058,collaborator
127060,core
127061,occasional
127065,collaborator
127066,prolific
127067,occasional
127070,prolific
127071,occasional
127085,prolific
127089,occasional
127095,core
127096,prolific
127111,core
127112,collaborator
127113,core
127115,prolific
127116,occasional
127117,core
127120,occasional
127122,collaborator
127123,collaborator
127126,prolific
127128,occasional
127129,core
127141,core
127152,collaborator
127169,occasional
12719,occasional
127193,collaborator
127195,core
12720,collaborator
127200,occasional
127201,core
127204,collaborator
127219,occasional
127221,occasional
127222,prolific
127225,prolific
127274,collaborator
127275,core
127276,core
127281,prolific
127291,occasional
127292,prolific
127293,collaborator
127302,prolific
127310,core
12732,collaborator
12737,core
127393,collaborator
127410,occasional
127412,prolific
127456,core
12756,collaborator
127564,prolific
127565,core
127568,occasional
12757,collaborator
12758,core
127591,core
127604,occasional
127606,collaborator
127612,prolific
127613,core
127614,collaborator
127626,collaborator
127627,occasional
12763,core
127634,prolific
127635,core
127636,core
127641,prolific
127642,collaborator
127646,core
127656,collaborator
127659,occasional
127660,collaborator
127661,prolific
127662,prolific
127663,occasional
127664,collaborator
127676,core
127680,occasional
127688,prolific
127691,collaborator
127701,prolific
127702,core
127705,occasional
127712,occasional
127716,prolific
127734,occasional
127740,collaborator
127743,collaborator
127744,prolific
127746,prolific
127748,occasional
127749,prolific
127750,collaborator
127751,core
127752,collaborator
127753,occasional
127757,prolific
127780,prolific
127792,prolific
127794,occasional
127795,core
127816,occasional
127825,collaborator
127826,core
127827,prolific
127828,collaborator
127838,prolific
127886,core
127948,occasional
12795,collaborator
127967,occasional
127969,collaborator
127974,prolific
127983,prolific
127984,occasional
127996,prolific
128011,core
128012,core
128013,core
128015,core
128016,collaborator
128017,collaborator
128018,core
128020,collaborator
128024,core
128027,occasional
128032,collaborator
128033,core
128035,core
128038,occasional
128081,occasional
128086,prolific
128089,core
128093,prolific
128095,collaborator
128102,core
128107,core
128114,collaborator
128146,occasional
128150,core
128151,occasional
128153,core
128155,prolific
128156,occasional
128160,prolific
128175,core
128183,prolific
128204,core
128205,core
128213,prolific
128214,core
128226,collaborator
128229,core
128248,core
128249,collaborator
128250,occasional
12826,collaborator
128262,collaborator
128266,collaborator
128297,collaborator
128298,occasional
128312,core
128313,prolific
128315,occasional
12832,occasional
12833,core
128338,collaborator
12835,collaborator
128358,occasional
128359,prolific
128363,collaborator
128369,occasional
12837,prolific
128370,prolific
128375,prolific
128376,prolific
128378,occasional
12838,occasional
128380,prolific
128381,collaborator
128401,collaborator
128402,occasional
128403,prolific
128407,prolific
128433,occasional
128463,occasional
128471,occasional
128480,core
128492,core
128493,prolific
128532,core
128545,collaborator
128598,prolific
12860,core
12861,prolific
12862,collaborator
128641,collaborator
12865,prolific
128657,core
128685,prolific
128697,collaborator
128709,core
128712,core
128717,occasional
128732,prolific
128742,collaborator
128743,collaborator
128775,prolific
128776,prolific
128782,collaborator
128783,collaborator
128792,prolific
128793,prolific
128794,core
128804,occasional
128806,collaborator
128814,core
128816,prolific
128817,occasional
128820,collaborator
128832,occasional
128833,core
128838,prolific
128839,core
128840,occasional
128841,core
128842,core
128843,prolific
128851,prolific
128852,occasional
128854,occasional
128856,core
128857,collaborator
128858,core
128875,occasional
128876,core
128877,prolific
128878,core
128879,prolific
128893,collaborator
128895,prolific
128898,collaborator
12890,collaborator
128902,core
128903,occasional
128905,occasional
128926,core
128928,collaborator
128929,occasional
128930,prolific
128934,occasional
128935,collaborator
128937,collaborator
128938,prolific
128940,core
128941,occasional
128957,core
128969,occasional
128972,prolific
128974,core
128975,occasional
128980,occasional
128985,collaborator
129001,collaborator
129004,occasional
129005,collaborator
129009,occasional
129011,occasional
129012,collaborator
129013,collaborator
129018,collaborator
129024,core
129025,prolific
129026,occasional
129031,prolific
129038,core
129039,core
12904,occasional
129044,occasional
129046,prolific
129063,prolific
129065,collaborator
129066,prolific
129067,prolific
129070,core
129075,prolific
12909,collaborator
129106,prolific
129110,occasional
129112,collaborator
129116,occasional
129129,core
129130,collaborator
129132,collaborator
12914,prolific
129140,collaborator
129146,core
129147,core
129148,core
129149,collaborator
129156,collaborator
129183,prolific
129184,core
129185,prolific
129193,core
129194,prolific
129201,occasional
129203,occasional
129204,core
129208,prolific
129210,collaborator
129229,collaborator
129235,collaborator
12924,prolific
12925,occasional
129256,collaborator
129261,core
12927,occasional
129273,core
12928,prolific
129288,collaborator
129289,core
12929,prolific
12930,collaborator
129313,prolific
129315,core
129324,occasional
129330,core
129331,core
129355,occasional
129356,prolific
129358,prolific
129359,core
129360,core
129361,prolific
129362,occasional
129367,collaborator
129410,occasional
129412,core
129414,prolific
129415,occasional
129417,core
129446,collaborator
129458,collaborator
129462,occasional
129483,core
129484,core
129492,collaborator
129530,prolific
129538,prolific
129543,occasional
129553,occasional
129554,collaborator
129600,core
129608,prolific
129609,prolific
129610,prolific
129622,prolific
129623,collaborator
129634,prolific
129635,core
129637,prolific
129641,occasional
129642,core
129659,prolific
129683,collaborator
129726,collaborator
129732,prolific
129737,occasional
129807,collaborator
129819,core
129826,occasional
129827,collaborator
129834,occasional
129835,collaborator
129842,collaborator
129843,occasional
129847,prolific
129849,prolific
129852,occasional
129853,collaborator
129856,collaborator
129857,collaborator
129858,collaborator
129862,collaborator
129881,prolific
129883,collaborator
129887,occasional
129888,collaborator
129891,collaborator
129898,prolific
129905,core
129906,core
129910,collaborator
129945,prolific
129946,collaborator
129948,core
129949,prolific
129966,occasional
129967,occasional
129969,prolific
12997,occasional
12998,prolific
129980,collaborator
129984,collaborator
129985,core
129986,collaborator
129998,collaborator
13,core
130002,prolific
130003,collaborator
130006,collaborator
130017,collaborator
130018,core
130020,prolific
130022,core
130023,occasional
130044,collaborator
130045,occasional
130046,prolific
130053,collaborator
130064,occasional
130068,occasional
130091,occasional
130102,collaborator
130103,collaborator
130110,collaborator
13012,collaborator
13013,core
130134,occasional
13014,core
130146,prolific
130153,occasional
130154,collaborator
130158,collaborator
130165,collaborator
130166,core
130168,collaborator
130184,occasional
130186,occasional
130188,prolific
130202,occasional
130203,collaborator
13022,occasional
13023,occasional
130230,core
130232,occasional
130234,prolific
130238,occasional
130239,core
13024,core
130240,occasional
13025,occasional
130272,core
130273,collaborator
130274,occasional
130275,core
130276,occasional
130277,core
130279,collaborator
130284,prolific
130288,occasional
130302,occasional
13031,prolific
13032,prolific
130322,occasional
130327,collaborator
130328,occasional
130329,prolific
130330,core
13034,collaborator
130355,occasional
130356,occasional
130357,core
130363,core
130384,collaborator
13039,collaborator
130391,occasional
130398,occasional
130401,prolific
130407,occasional
130409,core
130413,collaborator
130414,occasional
130416,collaborator
130429,occasional
130438,core
130439,prolific
130441,prolific
130442,collaborator
130445,core
13045,core
130454,core
130455,occasional
130456,prolific
13046,core
130460,occasional
130461,collaborator
13047,occasional
130476,occasional
130477,core
130479,collaborator
130480,prolific
130507,collaborator
130510,collaborator
130519,collaborator
130543,collaborator
130545,core
130549,occasional
130550,prolific
130561,prolific
130564,occasional
130568,prolific
130588,collaborator
130594,core
130596,collaborator
130599,collaborator
130600,core
130601,prolific
130604,core
130643,occasional
130659,occasional
130660,occasional
130663,core
130664,occasional
130669,collaborator
130674,collaborator
130675,occasional
13068,occasional
130680,occasional
130682,occasional
130684,core
130686,core
13069,collaborator
130691,prolific
13070,collaborator
13074,core
130756,collaborator
130758,collaborator
130759,core
13076,prolific
130760,core
130766,collaborator
130779,core
13078,prolific
130780,prolific
130784,core
13079,core
13080,core
130825,occasional
130834,collaborator
130835,collaborator
130836,prolific
130837,collaborator
130838,occasional
13084,prolific
130840,core
130842,core
130853,prolific
13086,prolific
130865,prolific
130883,occasional
130919,core
130921,occasional
130922,core
130928,prolific
130929,occasional
130931,collaborator
130932,core
130933,prolific
130941,prolific
130942,occasional
130997,collaborator
130998,collaborator
131012,core
131013,core
131018,core
131028,occasional
131030,prolific
131043,occasional
131056,prolific
13109,prolific
131091,prolific
13112,collaborator
131121,occasional
131122,occasional
131123,occasional
131126,collaborator
131127,collaborator
131133,prolific
13114,collaborator
131167,core
13117,core
131180,core
131204,occasional
131209,core
13121,collaborator
131211,occasional
131212,occasional
131215,core
131217,prolific
131221,prolific
131222,collaborator
131234,core
131237,collaborator
131263,prolific
131266,prolific
131272,core
131273,prolific
131279,prolific
131281,prolific
131292,core
131302,core
131303,prolific
131309,prolific
131315,occasional
131320,core
131322,collaborator
131323,collaborator
131324,prolific
131326,prolific
131329,occasional
131330,occasional
131342,core
131343,collaborator
131344,occasional
131352,collaborator
131361,occasional
131370,prolific
131371,occasional
131373,occasional
131375,core
131376,prolific
131385,prolific
131389,core
131391,collaborator
131396,prolific
131398,prolific
131400,core
131402,collaborator
131409,prolific
131410,core
131413,prolific
131414,occasional
13142,collaborator
13143,occasional
13144,collaborator
13145,core
131451,prolific
13146,prolific
131468,core
131469,prolific
131470,occasional
131471,core
131472,occasional
131491,collaborator
131492,prolific
131493,occasional
131496,prolific
131497,collaborator
131519,prolific
13152,collaborator
131520,core
131521,prolific
131523,core
131525,collaborator
131527,core
131534,occasional
131536,core
131541,occasional
131542,collaborator
131544,collaborator
131565,prolific
131575,occasional
131587,prolific
131588,prolific
131589,collaborator
131591,core
131592,collaborator
131593,collaborator
131594,core
131596,occasional
13161,occasional
131639,core
131647,core
131649,prolific
131650,core
131651,core
131652,prolific
131654,occasional
13169,core
131704,core
131713,prolific
131714,core
131717,prolific
131737,collaborator
131741,prolific
131742,collaborator
13175,collaborator
13179,prolific
13181,prolific
131813,prolific
131814,occasional
131835,core
131840,prolific
131843,collaborator
131849,collaborator
131850,prolific
131855,core
131856,core
131857,core
131860,collaborator
131861,prolific
131866,prolific
131869,prolific
131914,collaborator
131940,prolific
131967,collaborator
131975,collaborator
131978,core
131979,prolific
131980,prolific
131981,occasional
131982,core
131986,collaborator
131987,core
131988,occasional
131993,core
132020,core
132021,occasional
132023,core
132024,core
132043,occasional
132075,occasional
132076,collaborator
132077,occasional
132104,prolific
132105,prolific
132106,prolific
132121,collaborator
132173,core
132185,occasional
13219,collaborator
132206,core
132217,occasional
132218,core
132219,occasional
132220,prolific
132221,occasional
132223,occasional
132226,collaborator
132244,collaborator
132247,collaborator
132248,prolific
132282,prolific
132284,occasional
132285,collaborator
132286,prolific
132295,prolific
132312,occasional
132313,occasional
132316,core
132342,core
132347,occasional
132353,core
132364,prolific
132368,occasional
132369,occasional
132373,collaborator
132374,prolific
132376,prolific
132380,collaborator
132387,core
132390,occasional
1324,core
132445,prolific
132447,core
13246,prolific
132469,occasional
13248,occasional
13249,occasional
132492,collaborator
132525,collaborator
132527,collaborator
132528,occasional
132535,occasional
13254,core
13257,prolific
132576,collaborator
132589,occasional
13259,occasional
132594,prolific
132599,collaborator
132614,collaborator
132615,core
132617,occasional
132619,core
13262,occasional
132620,prolific
132621,core
132623,occasional
132629,collaborator
132630,prolific
132631,occasional
132632,core
132633,core
132663,occasional
132669,prolific
132679,occasional
132680,core
132691,core
132692,collaborator
132693,collaborator
132695,core
132697,collaborator
132706,collaborator
132712,occasional
132715,prolific
132716,occasional
132723,occasional
132726,collaborator
132728,collaborator
132731,prolific
132733,prolific
132743,prolific
132745,occasional
132753,prolific
132760,core
132762,core
132766,occasional
132769,collaborator
132781,prolific
132783,core
132801,prolific
132803,core
132804,core
132842,prolific
132845,core
132846,prolific
132871,core
132872,collaborator
132873,occasional
132877,occasional
132878,prolific
132879,occasional
132880,occasional
132882,occasional
132883,occasional
132884,collaborator
132888,collaborator
132889,occasional
132921,collaborator
132925,collaborator
132927,occasional
132933,prolific
132936,occasional
132942,collaborator
132948,prolific
132952,collaborator
132953,collaborator
132954,core
132968,core
132969,core
132970,collaborator
132971,occasional
132973,occasional
132974,collaborator
132975,core
132976,collaborator
132981,occasional
132982,occasional
133011,occasional
133023,collaborator
133024,occasional
133025,occasional
133026,occasional
133029,occasional
133034,prolific
133062,collaborator
133064,collaborator
133066,occasional
133069,core
133070,occasional
133084,collaborator
133097,prolific
133098,occasional
133101,prolific
133102,core
133109,core
133113,occasional
133114,prolific
133117,core
133125,occasional
133126,core
133127,collaborator
133142,prolific
133188,occasional
133202,core
133211,core
133212,collaborator
133213,occasional
133224,core
133227,prolific
133228,core
133255,prolific
133257,core
133260,occasional
133266,occasional
133276,occasional
133277,prolific
133278,occasional
133279,prolific
1334,prolific
13353,prolific
1339,collaborator
13393,core
13395,prolific
13396,prolific
13404,core
1341,occasional
13440,collaborator
13441,core
13453,prolific
1351,core
13557,prolific
1356,occasional
13569,core
13572,collaborator
13575,core
13577,prolific
13581,prolific
13582,collaborator
13583,prolific
13584,prolific
13590,prolific
13596,core
13598,core
13622,collaborator
13623,collaborator
13624,occasional
13625,prolific
13627,collaborator
13630,prolific
13640,collaborator
13641,occasional
13646,collaborator
13647,core
13648,prolific
13649,core
13652,collaborator
13655,collaborator
13657,occasional
1366,occasional
1367,occasional
1368,collaborator
1369,occasional
13693,collaborator
13698,collaborator
13699,prolific
1370,core
13707,prolific
13709,core
1372,core
13739,collaborator
1374,occasional
13741,occasional
13742,occasional
13743,prolific
13745,occasional
13748,collaborator
13758,occasional
13759,occasional
13773,occasional
13805,prolific
13806,collaborator
13821,occasional
13822,core
13870,prolific
13871,occasional
13876,occasional
13878,prolific
13881,core
13889,core
13890,prolific
13894,occasional
13944,prolific
13945,prolific
13946,prolific
13950,prolific
13962,core
13975,prolific
13976,occasional
13977,occasional
13978,collaborator
1399,collaborator
1400,prolific
14004,collaborator
14006,prolific
14009,core
14063,core
14084,core
14085,core
14093,occasional
14095,core
14101,core
14104,occasional
14105,prolific
14106,collaborator
1411,prolific
14126,prolific
14128,collaborator
14129,core
14149,core
1418,core
14186,core
14207,collaborator
14208,core
14210,core
14212,core
14213,collaborator
14215,occasional
14218,collaborator
14219,core
14220,collaborator
14221,prolific
14230,prolific
14232,occasional
14233,core
14273,occasional
14287,prolific
14288,occasional
14289,prolific
14292,prolific
14302,collaborator
14303,core
14304,prolific
14307,core
14309,occasional
14336,occasional
14342,prolific
14347,core
14354,prolific
14359,prolific
1436,collaborator
14362,occasional
14363,core
14364,occasional
14365,collaborator
1438,occasional
14382,collaborator
1439,occasional
14393,core
14397,collaborator
14402,occasional
14403,collaborator
14404,core
14406,occasional
14413,prolific
14415,core
14420,core
14422,core
14429,core
14439,prolific
1444,occasional
1445,core
1446,occasional
14465,collaborator
14466,core
14467,core
14468,occasional
1447,prolific
14503,collaborator
14504,prolific
14506,occasional
14507,core
1451,occasional
14522,occasional
14528,occasional
14529,occasional
1453,core
14532,collaborator
14548,core
1456,occasional
14570,occasional
14579,core
1458,prolific
14586,prolific
14608,prolific
1461,occasional
14612,core
14614,core
14646,prolific
14651,prolific
1466,core
14685,occasional
14686,prolific
14687,collaborator
14691,collaborator
14692,core
14694,occasional
14706,collaborator
14708,prolific
14711,occasional
14715,core
14716,prolific
14726,occasional
14730,core
14741,occasional
14747,collaborator
14762,collaborator
14763,core
14768,collaborator
14783,core
14784,collaborator
14785,occasional
14802,occasional
14803,core
14804,prolific
14816,occasional
1482,occasional
14824,core
14859,core
14861,prolific
14862,core
14864,prolific
14867,core
14870,occasional
14874,core
14878,collaborator
14884,occasional
14887,collaborator
14910,collaborator
14911,core
14956,core
14958,collaborator
14960,occasional
14976,core
15,occasional
1500,core
1501,collaborator
15015,collaborator
15016,core
15019,collaborator
15020,core
15025,prolific
15026,core
15029,occasional
15030,collaborator
15033,core
15036,core
15048,core
15049,occasional
15051,collaborator
15052,core
15064,collaborator
1507,occasional
15077,prolific
1509,occasional
1510,prolific
15122,core
15123,collaborator
15124,prolific
1513,collaborator
15149,core
15150,collaborator
15153,prolific
15155,core
1516,core
15160,prolific
15161,collaborator
15162,occasional
15163,collaborator
15164,prolific
1518,collaborator
15181,occasional
15182,collaborator
1519,core
15211,collaborator
15212,core
15213,occasional
15215,collaborator
15223,core
15224,occasional
15225,core
15226,core
15227,core
15229,collaborator
15231,core
15238,prolific
15242,occasional
15244,occasional
15250,collaborator
15251,collaborator
15252,collaborator
15254,prolific
15256,occasional
15259,occasional
15268,collaborator
15269,collaborator
15274,core
15275,collaborator
15309,occasional
15311,core
15342,prolific
15351,prolific
15352,occasional
15353,core
15381,collaborator
15385,collaborator
15406,core
15407,core
15409,prolific
15413,collaborator
15435,occasional
15436,collaborator
15440,prolific
15467,core
15476,collaborator
15483,core
155,collaborator
15505,occasional
15524,occasional
15525,collaborator
15529,collaborator
15547,core
15555,core
15558,prolific
1556,prolific
15568,collaborator
15569,occasional
15575,prolific
15577,prolific
1558,occasional
15587,core
1559,core
15607,core
15610,collaborator
15611,collaborator
15613,core
15614,occasional
15615,core
15617,core
15630,collaborator
15632,occasional
15634,prolific
15635,occasional
15636,collaborator
15643,prolific
15646,collaborator
15647,core
15668,prolific
15669,collaborator
15677,core
15678,collaborator
15695,occasional
157,collaborator
1575,occasional
15759,collaborator
15760,core
15765,occasional
15767,occasional
15768,core
15769,occasional
15770,collaborator
15788,collaborator
1582,occasional
15826,collaborator
15829,occasional
15830,prolific
15831,collaborator
15840,occasional
15846,collaborator
15847,prolific
15848,prolific
15851,collaborator
15872,prolific
15876,collaborator
1589,core
15921,core
15924,prolific
15941,collaborator
15943,core
15973,occasional
15975,occasional
15976,occasional
15977,collaborator
15990,prolific
16,collaborator
16008,prolific
16019,collaborator
1602,collaborator
16021,collaborator
16032,core
16033,occasional
16035,occasional
1604,collaborator
16042,occasional
16043,occasional
16044,prolific
16045,core
16056,occasional
16057,collaborator
16058,collaborator
16059,prolific
16068,occasional
16075,collaborator
16078,collaborator
16079,core
16091,occasional
16092,core
16093,core
16094,occasional
16095,core
16102,occasional
16108,occasional
16110,occasional
16111,core
16113,occasional
16115,occasional
16116,collaborator
16117,core
16118,core
16123,occasional
16158,collaborator
16163,collaborator
16168,prolific
16190,prolific
16191,collaborator
16193,core
16194,core
16195,occasional
16211,prolific
16212,collaborator
16219,occasional
16220,core
16221,occasional
16222,occasional
16232,collaborator
16235,occasional
16236,collaborator
16237,prolific
16238,occasional
16246,core
16248,core
1625,occasional
16250,prolific
16259,core
16260,prolific
16261,occasional
16265,prolific
16267,collaborator
16270,core
16276,prolific
16287,core
16299,prolific
16301,core
16302,core
16303,occasional
16305,prolific
16306,occasional
16308,core
16311,prolific
16312,prolific
16313,collaborator
16329,core
16331,collaborator
16332,collaborator
16336,prolific
16337,collaborator
16340,core
16343,occasional
16346,collaborator
16349,collaborator
16350,prolific
16359,prolific
16360,prolific
16363,occasional
16379,prolific
164,core
16400,core
16427,prolific
16429,prolific
16430,occasional
16434,occasional
16442,core
16443,occasional
16444,prolific
16445,occasional
16446,prolific
16448,core
16449,collaborator
16454,occasional
16455,core
16463,core
16467,occasional
16468,collaborator
16480,prolific
16481,core
16489,core
16523,collaborator
16525,prolific
16527,core
16536,collaborator
16538,occasional
16540,collaborator
16541,collaborator
16542,core
16554,prolific
16555,occasional
16558,collaborator
16559,occasional
16561,prolific
16607,occasional
16609,occasional
1662,core
1663,prolific
1664,collaborator
16665,core
16666,core
16681,collaborator
16682,prolific
16690,occasional
16693,prolific
16697,prolific
16698,occasional
16700,occasional
16704,occasional
16725,prolific
16727,collaborator
16730,prolific
16731,collaborator
16751,prolific
16752,collaborator
16755,occasional
16757,prolific
1677,prolific
16773,core
16783,collaborator
16784,prolific
16789,prolific
16790,occasional
16793,collaborator
16794,collaborator
16795,prolific
16796,collaborator
16842,collaborator
16851,collaborator
16854,collaborator
16855,collaborator
16877,core
16879,core
16880,prolific
16881,collaborator
16883,occasional
16884,prolific
16885,prolific
16886,collaborator
16891,collaborator
16892,core
16893,prolific
16896,prolific
16897,collaborator
16899,prolific
1690,occasional
16901,collaborator
1691,prolific
16915,core
16916,core
1692,occasional
16920,occasional
16931,collaborator
16957,occasional
16959,prolific
16961,collaborator
1697,core
16972,prolific
16973,prolific
16999,occasional
17,prolific
17000,collaborator
17001,occasional
17002,prolific
17003,core
17027,occasional
17028,core
17029,collaborator
17045,core
17075,prolific
17097,core
17098,occasional
1713,collaborator
17146,occasional
17147,prolific
17148,core
17151,prolific
17153,core
17175,collaborator
17178,collaborator
172,prolific
17201,collaborator
17203,core
17204,core
17205,occasional
17233,core
17243,occasional
17244,collaborator
17247,occasional
17248,prolific
17249,core
17263,prolific
17265,occasional
17266,collaborator
17267,occasional
17268,prolific
17277,occasional
17279,prolific
17280,core
17286,prolific
17287,prolific
17290,prolific
17292,prolific
17294,occasional
17295,core
17305,collaborator
17318,occasional
17377,occasional
17380,occasional
17436,prolific
17437,collaborator
17438,occasional
17440,occasional
17441,collaborator
17442,core
17447,collaborator
17449,collaborator
17451,prolific
17453,occasional
17454,prolific
17459,core
17485,occasional
17500,core
17501,core
17508,occasional
17514,prolific
17515,occasional
17541,collaborator
17548,occasional
17549,collaborator
17565,collaborator
17566,collaborator
17567,occasional
17570,prolific
17584,occasional
17593,core
17595,prolific
17603,prolific
17606,occasional
17642,occasional
17644,collaborator
17651,core
17652,core
17663,collaborator
17689,prolific
17691,prolific
17722,occasional
17731,core
17736,prolific
17737,occasional
17738,collaborator
17739,occasional
17756,collaborator
1776,core
17760,core
17764,prolific
17778,occasional
178,core
17806,prolific
17837,occasional
17861,occasional
17863,prolific
17864,occasional
17866,core
17868,prolific
17875,core
17876,prolific
17885,collaborator
179,core
17919,collaborator
17920,prolific
17932,occasional
17936,collaborator
17939,prolific
17941,collaborator
17942,core
17943,prolific
17944,prolific
17967,occasional
17968,prolific
17970,core
17971,prolific
17977,prolific
17979,core
17980,collaborator
17981,collaborator
17983,core
17989,collaborator
18007,prolific
18009,prolific
1801,prolific
18013,prolific
18014,prolific
18018,core
18021,prolific
18022,collaborator
18027,core
18035,collaborator
18037,prolific
1804,prolific
18042,occasional
18047,occasional
1806,prolific
1807,collaborator
18079,core
1808,collaborator
18081,collaborator
18082,collaborator
18091,collaborator
18092,core
18137,occasional
18138,occasional
18139,core
18164,core
18168,collaborator
18170,core
18176,occasional
1820,prolific
1821,prolific
18225,prolific
18228,collaborator
18229,occasional
18236,prolific
18237,collaborator
18238,prolific
18242,core
18243,core
18247,collaborator
18250,collaborator
18252,collaborator
18255,collaborator
18257,prolific
18258,collaborator
18259,collaborator
1826,collaborator
1830,core
1831,occasional
18314,core
18315,core
18325,core
18326,occasional
18327,occasional
18330,core
18339,collaborator
18342,core
18344,core
18347,core
18354,occasional
18356,core
18357,prolific
18358,core
18360,core
18361,prolific
18396,core
18397,core
18399,core
184,collaborator
18400,collaborator
18425,collaborator
18442,prolific
18443,core
18444,core
18445,collaborator
18450,prolific
18451,prolific
18453,prolific
18455,collaborator
18456,collaborator
18459,core
18460,core
18463,core
18464,collaborator
18465,collaborator
18469,prolific
18471,collaborator
18474,core
18481,core
18500,collaborator
18505,occasional
18506,prolific
18507,collaborator
18508,occasional
1852,core
18533,collaborator
18553,prolific
18575,occasional
18585,occasional
18586,collaborator
18587,collaborator
18592,occasional
18600,core
18610,prolific
18642,core
18647,occasional
18650,core
18651,collaborator
18662,occasional
18665,prolific
18666,prolific
18667,core
1867,core
1868,prolific
18685,occasional
18686,core
18694,occasional
18696,prolific
18699,occasional
1870,prolific
18781,occasional
18782,collaborator
1881,occasional
1883,prolific
18855,occasional
18858,collaborator
18859,core
18860,occasional
18864,prolific
18867,collaborator
18873,core
18876,occasional
18877,core
18878,occasional
189,occasional
18904,core
18909,core
18910,collaborator
18911,occasional
18923,occasional
18941,core
18948,collaborator
1895,core
18952,prolific
18953,collaborator
18957,prolific
18958,collaborator
18959,occasional
1897,core
18977,collaborator
1898,occasional
18984,occasional
18992,prolific
18993,prolific
18994,occasional
18995,prolific
18996,occasional
18997,occasional
18999,occasional
19000,prolific
19016,collaborator
19018,occasional
19023,core
1903,core
1904,prolific
19066,occasional
19075,occasional
19076,collaborator
19077,collaborator
19080,core
19113,core
19149,core
19166,core
19167,occasional
1917,core
19173,collaborator
19174,occasional
1918,prolific
19204,collaborator
19205,prolific
19206,core
19207,core
19282,occasional
1932,occasional
19325,collaborator
19326,prolific
1933,occasional
19339,occasional
19341,prolific
19342,prolific
19343,core
19363,core
19383,occasional
19385,core
19387,occasional
19389,occasional
19391,prolific
19395,occasional
19400,occasional
19407,occasional
19409,core
19411,core
19413,collaborator
19415,prolific
19417,collaborator
19421,occasional
19428,occasional
19431,collaborator
19432,prolific
19435,occasional
19436,occasional
19439,core
19441,occasional
19445,occasional
19446,occasional
19461,collaborator
19467,core
19468,occasional
19475,prolific
19479,occasional
19480,occasional
19484,prolific
19485,prolific
19486,prolific
1949,core
19491,core
1950,core
19501,collaborator
19505,prolific
19508,prolific
19510,core
19512,prolific
19517,occasional
19546,core
19553,occasional
19556,prolific
19562,prolific
19564,occasional
1957,prolific
19575,core
19576,collaborator
1958,collaborator
19603,collaborator
19604,prolific
19611,core
19617,core
19619,prolific
19620,core
1964,prolific
1965,collaborator
19674,core
1968,prolific
1969,core
19695,occasional
19696,occasional
19736,occasional
19772,prolific
19773,core
19775,occasional
19776,core
19778,prolific
19779,occasional
19780,occasional
19812,prolific
19819,core
19828,occasional
19829,core
19830,collaborator
19834,prolific
19839,occasional
1984,prolific
19844,collaborator
19845,prolific
1986,prolific
19869,occasional
1987,collaborator
19877,occasional
19879,core
19880,collaborator
19881,prolific
19888,prolific
19890,core
19893,prolific
19898,occasional
19899,collaborator
1991,core
19911,core
19921,prolific
19923,prolific
19926,core
19929,occasional
19943,occasional
19944,collaborator
19945,prolific
19946,core
19949,prolific
19951,prolific
19952,occasional
19960,prolific
19970,collaborator
19973,occasional
19974,occasional
19981,prolific
1999,occasional
20016,collaborator
20031,core
20036,collaborator
20040,occasional
20055,collaborator
20056,occasional
20057,prolific
20076,occasional
20113,core
20126,collaborator
20129,prolific
20143,occasional
20151,collaborator
20177,collaborator
20181,collaborator
20184,prolific
20185,occasional
20188,occasional
20204,prolific
20205,core
20206,collaborator
20207,occasional
20211,prolific
20214,prolific
20215,collaborator
20218,prolific
20226,collaborator
20228,occasional
20241,collaborator
20243,core
20245,collaborator
20246,collaborator
20248,core
20251,collaborator
20256,prolific
20257,occasional
20262,occasional
20296,occasional
20297,occasional
20298,core
2031,collaborator
20322,collaborator
2033,prolific
20331,collaborator
20355,core
20362,prolific
20363,prolific
20405,collaborator
20416,core
20417,occasional
20418,core
20419,core
20438,core
20440,prolific
20464,prolific
20466,core
20469,occasional
20483,prolific
20484,core
20490,occasional
20492,collaborator
20496,collaborator
20497,core
20498,core
20500,prolific
20501,occasional
20503,core
20505,collaborator
20514,core
20518,prolific
20526,prolific
20527,occasional
20545,collaborator
20546,occasional
20553,collaborator
20554,collaborator
20598,core
20600,collaborator
20602,collaborator
20634,prolific
20636,occasional
20638,occasional
20653,prolific
20656,core
20664,occasional
20665,prolific
20666,core
20671,prolific
20684,occasional
20685,occasional
20692,collaborator
20693,prolific
20694,collaborator
20695,prolific
20696,occasional
20698,prolific
20704,prolific
20711,core
20713,core
20714,core
20715,collaborator
20732,prolific
20733,occasional
20735,prolific
20740,prolific
20741,core
20742,collaborator
20749,occasional
20752,occasional
20756,core
20760,occasional
20762,prolific
20766,prolific
20768,core
20771,collaborator
20775,prolific
20779,collaborator
20780,collaborator
20781,occasional
20783,prolific
20788,occasional
20794,core
20797,prolific
20800,core
20803,occasional
20804,occasional
20813,occasional
20814,prolific
20816,occasional
20842,core
20847,collaborator
20852,prolific
20854,core
20857,prolific
20862,occasional
20863,prolific
20866,occasional
20867,core
20868,core
20872,collaborator
20873,occasional
20875,collaborator
20890,core
20899,occasional
20901,collaborator
20902,prolific
20903,prolific
20904,core
20905,core
20912,collaborator
20913,collaborator
20914,collaborator
2094,occasional
20965,prolific
20967,occasional
20968,occasional
20975,collaborator
20977,prolific
20978,collaborator
20984,prolific
21005,prolific
21006,collaborator
21008,core
21010,occasional
21011,prolific
21054,collaborator
21073,occasional
21084,occasional
21086,collaborator
2109,core
2110,core
2111,collaborator
2112,core
21130,occasional
21134,collaborator
21136,prolific
21138,collaborator
2114,core
21140,occasional
21144,occasional
21147,prolific
21148,collaborator
21149,core
2115,prolific
21162,collaborator
2117,core
21174,core
21192,occasional
21193,occasional
21195,occasional
21200,core
21202,collaborator
21203,collaborator
21205,collaborator
21207,prolific
21208,prolific
21209,occasional
2121,occasional
21228,collaborator
21235,occasional
2124,collaborator
21271,collaborator
21275,prolific
21276,collaborator
21281,occasional
21292,collaborator
21298,occasional
21300,collaborator
21306,core
21333,prolific
21336,prolific
21337,collaborator
21339,occasional
21341,collaborator
21344,prolific
21367,occasional
21368,core
21369,core
21370,occasional
21371,collaborator
21372,prolific
21374,occasional
21377,collaborator
21382,occasional
21383,occasional
21384,prolific
21385,core
21388,core
21396,core
21404,core
21405,prolific
21407,collaborator
21415,occasional
21416,prolific
21418,core
21419,core
21421,prolific
21448,occasional
21450,prolific
21452,occasional
21456,prolific
21457,collaborator
21458,core
21466,collaborator
21471,prolific
21472,collaborator
21474,occasional
21475,prolific
21478,occasional
21479,collaborator
21486,core
21501,prolific
21504,occasional
21505,collaborator
21507,prolific
21512,core
21514,prolific
21530,core
21536,collaborator
21537,occasional
21538,prolific
21539,prolific
21542,occasional
21545,prolific
21551,prolific
21560,prolific
21562,prolific
21566,occasional
21567,collaborator
21568,prolific
2158,occasional
21588,collaborator
2159,occasional
2160,core
2161,collaborator
2162,collaborator
21627,core
21628,collaborator
21629,collaborator
21630,core
21631,occasional
2164,prolific
21646,collaborator
21654,occasional
2166,occasional
2167,core
2168,occasional
21718,core
21728,occasional
21729,prolific
21737,occasional
21747,occasional
2175,occasional
21755,core
21757,collaborator
21758,core
21762,prolific
21764,core
21765,collaborator
21768,prolific
21769,collaborator
21786,collaborator
21791,prolific
21799,collaborator
21816,core
21839,collaborator
21847,occasional
21859,core
21862,collaborator
21867,occasional
21877,core
21878,prolific
21882,core
21883,prolific
21884,core
21912,occasional
21913,prolific
21914,core
21920,prolific
21928,collaborator
21937,core
21991,core
21992,occasional
22017,occasional
22032,occasional
22035,prolific
22036,core
22042,prolific
22055,core
2206,occasional
22070,prolific
22071,collaborator
22083,collaborator
22105,core
22106,prolific
2211,prolific
22110,core
22134,core
2214,occasional
22150,core
22154,occasional
2217,prolific
22171,collaborator
22174,collaborator
2218,occasional
2219,core
2220,core
22236,collaborator
22240,collaborator
22241,occasional
22242,occasional
22280,prolific
22289,collaborator
22299,core
22300,prolific
22313,occasional
22314,occasional
22316,prolific
22317,collaborator
22330,prolific
22342,core
22343,prolific
22352,collaborator
22358,occasional
22369,occasional
2237,occasional
22378,occasional
2238,prolific
2240,occasional
2241,core
22416,occasional
22418,prolific
22427,collaborator
22432,occasional
22437,occasional
22440,core
22462,core
22523,prolific
22525,occasional
22527,collaborator
22528,collaborator
22529,occasional
2253,core
22531,prolific
2254,occasional
2255,occasional
22555,core
22556,occasional
2256,prolific
22560,collaborator
22568,collaborator
22569,prolific
22570,collaborator
22578,occasional
22584,prolific
22586,core
22604,core
2261,core
2262,core
2263,occasional
2264,occasional
22653,core
22655,occasional
22670,prolific
22672,prolific
22681,prolific
22683,core
22684,core
22697,core
22698,occasional
22700,collaborator
22701,collaborator
22703,occasional
22767,core
22769,core
2277,occasional
22770,prolific
2278,prolific
22780,occasional
22781,occasional
2280,prolific
22804,prolific
22805,collaborator
22806,collaborator
22807,collaborator
22833,core
22834,prolific
22836,core
22837,occasional
22839,core
22842,core
22851,occasional
22892,core
22893,core
229,collaborator
22979,occasional
230,occasional
23070,occasional
23082,occasional
23084,prolific
23085,prolific
23090,occasional
23091,prolific
23099,core
231,collaborator
23101,collaborator
23106,core
23107,collaborator
23108,core
2311,core
23110,collaborator
23114,core
23116,collaborator
23119,occasional
2312,collaborator
23120,collaborator
23121,occasional
23122,collaborator
23129,core
23130,prolific
23139,occasional
23140,collaborator
23141,occasional
23142,occasional
23156,core
23158,core
23161,collaborator
23163,collaborator
23211,occasional
23217,occasional
23219,occasional
23246,core
23253,occasional
23255,collaborator
23256,collaborator
23257,prolific
23258,occasional
23259,core
23265,prolific
23267,core
23279,core
2328,occasional
23280,occasional
23283,occasional
23284,prolific
23289,core
2329,occasional
23292,occasional
23294,occasional
23296,occasional
2330,collaborator
23306,core
23307,core
2331,occasional
23317,prolific
23338,core
23339,prolific
23344,occasional
23347,occasional
23349,core
23356,occasional
23360,prolific
23372,occasional
23375,occasional
23384,core
23453,collaborator
23456,prolific
23457,collaborator
23459,occasional
23461,prolific
23468,occasional
23469,collaborator
23470,collaborator
23472,prolific
23474,occasional
23477,collaborator
23483,prolific
23529,occasional
23559,occasional
23564,prolific
23579,occasional
23596,collaborator
23626,collaborator
23627,prolific
23631,core
23632,occasional
23635,collaborator
23636,collaborator
23638,collaborator
23648,collaborator
23661,occasional
23673,core
2368,occasional
23684,occasional
23685,prolific
23691,collaborator
23692,collaborator
23702,core
23703,core
23705,prolific
2372,prolific
23736,prolific
23738,collaborator
23740,collaborator
23741,core
23749,core
23752,prolific
23757,occasional
23769,core
23779,collaborator
23780,core
23781,collaborator
23789,occasional
23798,prolific
2381,prolific
23816,prolific
23819,core
23820,prolific
23821,collaborator
23829,core
23830,core
23832,occasional
23846,occasional
23848,core
23849,core
23861,core
23867,core
23889,core
2389,collaborator
23890,core
23891,collaborator
23893,prolific
23894,collaborator
23896,prolific
23897,occasional
23898,occasional
23903,core
23907,collaborator
23908,prolific
23910,prolific
23912,collaborator
23913,core
23914,collaborator
23915,occasional
23916,occasional
23918,core
23919,collaborator
2392,occasional
23921,prolific
23986,prolific
24000,collaborator
24002,core
24075,prolific
24079,prolific
24081,occasional
24084,prolific
24086,collaborator
24087,collaborator
24099,occasional
24100,collaborator
24104,collaborator
24106,occasional
24107,occasional
24128,occasional
24135,occasional
24138,prolific
24139,core
24141,occasional
24152,collaborator
24165,core
2417,core
24174,core
24175,prolific
24176,prolific
24197,occasional
24198,collaborator
242,occasional
2421,core
2423,occasional
24261,core
24308,collaborator
24313,core
24314,prolific
24322,occasional
24324,occasional
24325,prolific
24330,prolific
24354,prolific
24376,core
24377,prolific
24378,collaborator
24392,occasional
24393,occasional
24394,collaborator
24395,occasional
24401,prolific
24412,occasional
24413,collaborator
24417,prolific
24435,core
2444,core
24442,prolific
24443,occasional
24445,collaborator
2445,prolific
24455,collaborator
24456,core
24465,prolific
2447,prolific
2448,collaborator
2449,core
24500,core
24504,prolific
24527,collaborator
24583,prolific
24593,occasional
24596,core
24600,core
24607,prolific
24608,prolific
24610,prolific
24616,core
24617,core
24637,core
24649,occasional
24650,prolific
24665,core
24666,occasional
24667,prolific
24670,collaborator
24673,collaborator
24674,prolific
24676,prolific
24677,prolific
24682,collaborator
24699,occasional
24701,collaborator
24702,core
24751,prolific
24752,collaborator
24760,prolific
24761,occasional
24762,core
24768,collaborator
24769,occasional
24771,occasional
2478,core
2479,core
24798,core
24804,occasional
24829,collaborator
24831,occasional
24832,collaborator
24833,occasional
24835,core
24836,prolific
24841,occasional
24842,occasional
24843,prolific
24844,occasional
24847,occasional
24853,occasional
2486,occasional
2487,occasional
24895,collaborator
24896,collaborator
24897,collaborator
24903,occasional
24904,occasional
24908,collaborator
24909,core
24916,collaborator
24921,occasional
24932,occasional
24933,core
24943,collaborator
24946,prolific
24969,core
24972,occasional
24973,core
25036,core
25037,prolific
25057,prolific
25061,core
25063,collaborator
25066,core
2508,prolific
25095,prolific
25098,prolific
25108,prolific
25112,prolific
25115,occasional
25138,core
2515,collaborator
25164,collaborator
25168,occasional
25169,core
25177,prolific
25178,prolific
2518,collaborator
2520,collaborator
25203,occasional
25204,core
25205,core
25206,prolific
25208,core
25211,core
25212,occasional
25213,occasional
25214,prolific
25230,occasional
25231,prolific
25243,occasional
25244,occasional
25245,collaborator
25246,collaborator
25247,occasional
25257,occasional
25258,occasional
25261,collaborator
25270,prolific
25272,core
25301,occasional
25304,occasional
25305,collaborator
25329,occasional
2533,prolific
25338,core
25346,occasional
25349,prolific
2535,core
25350,collaborator
25351,core
25354,prolific
25371,core
25372,core
25373,collaborator
25374,core
25385,collaborator
25386,occasional
25388,core
25395,core
25400,collaborator
25401,core
2545,prolific
25452,collaborator
25471,collaborator
25483,occasional
25484,core
25485,prolific
25486,occasional
25487,core
25490,occasional
25501,core
25502,prolific
25507,occasional
25508,collaborator
25509,occasional
25511,core
25516,prolific
25518,occasional
25521,prolific
25522,core
25523,core
25524,core
25525,collaborator
25526,prolific
25528,collaborator
25533,collaborator
25535,prolific
25536,core
25538,collaborator
25539,prolific
25543,occasional
25544,collaborator
25548,core
25549,prolific
25551,collaborator
2556,core
25588,core
25591,prolific
25599,occasional
25618,core
25621,prolific
25622,collaborator
25623,occasional
25625,prolific
25626,prolific
25627,occasional
25628,core
25665,core
25672,collaborator
25685,collaborator
25696,collaborator
25697,occasional
25706,occasional
25717,core
25732,prolific
25734,core
25735,prolific
25736,occasional
25741,occasional
25742,core
25743,occasional
25748,core
25757,occasional
25761,collaborator
25763,core
25773,prolific
25775,core
25780,collaborator
25781,collaborator
25782,prolific
25822,occasional
25831,occasional
25832,core
25833,collaborator
25834,collaborator
25850,prolific
25851,collaborator
25875,collaborator
2588,occasional
25895,occasional
25897,core
25898,core
25899,occasional
2590,prolific
25905,collaborator
25906,core
2591,core
25910,occasional
25911,prolific
25915,prolific
25931,occasional
25934,prolific
25962,collaborator
25976,prolific
25980,core
25983,collaborator
25985,core
25993,prolific
25995,core
25998,occasional
26,core
26033,collaborator
26040,prolific
26042,occasional
26065,collaborator
26067,prolific
26084,prolific
26085,prolific
26086,occasional
26091,prolific
26092,collaborator
26141,prolific
26142,prolific
26147,collaborator
26148,occasional
26149,prolific
26150,core
26151,collaborator
26153,core
26168,occasional
26169,core
26170,core
26172,collaborator
26173,occasional
26174,occasional
26175,occasional
26178,core
26186,core
26187,core
26202,occasional
26204,core
26205,prolific
26219,occasional
26227,prolific
26236,occasional
2626,collaborator
2627,core
26287,core
26289,occasional
26293,prolific
26299,collaborator
2630,occasional
26301,core
26303,collaborator
26304,core
26305,prolific
26308,prolific
26310,collaborator
26313,core
26317,prolific
26323,collaborator
26324,collaborator
26325,occasional
26326,prolific
26329,core
2633,prolific
26330,occasional
26339,collaborator
2634,core
26347,collaborator
26349,occasional
26351,core
26352,prolific
26353,occasional
26354,collaborator
26355,collaborator
26359,collaborator
26361,core
26362,collaborator
2637,core
26393,collaborator
26394,prolific
26395,collaborator
2641,prolific
26413,collaborator
26414,core
2642,prolific
2643,occasional
26433,core
26434,occasional
26436,core
26437,prolific
2645,occasional
26459,occasional
26462,prolific
26463,core
26468,occasional
2647,occasional
26474,prolific
26475,core
26477,collaborator
2648,core
26480,prolific
2649,occasional
26503,occasional
26526,prolific
2653,core
2656,occasional
2657,collaborator
26590,prolific
26591,core
2662,core
26624,collaborator
26628,occasional
26647,core
26713,collaborator
26726,collaborator
26731,collaborator
26733,prolific
26736,prolific
26738,core
26739,core
26743,core
2676,occasional
26764,occasional
26769,core
26775,prolific
26778,prolific
26780,collaborator
26785,core
26786,occasional
26787,collaborator
26797,prolific
2680,core
26819,prolific
2682,collaborator
26821,core
26825,occasional
26826,core
26830,occasional
26831,core
26832,core
26833,core
2684,core
26840,occasional
26843,prolific
26845,core
26849,collaborator
2685,core
26851,occasional
26859,core
2686,prolific
26860,occasional
26861,core
26872,core
26873,core
26876,core
26883,prolific
26886,occasional
2689,occasional
26895,core
26896,occasional
26897,collaborator
26899,core
26900,occasional
26902,occasional
26903,occasional
26908,occasional
26909,core
26915,prolific
26916,core
26922,occasional
2693,prolific
26931,collaborator
26932,core
26933,core
26935,core
26936,core
26938,collaborator
26972,collaborator
26973,prolific
26976,prolific
26988,occasional
2699,occasional
26994,occasional
27,collaborator
2700,collaborator
27002,collaborator
27009,core
27011,core
2702,collaborator
27031,prolific
27033,occasional
27035,prolific
27036,prolific
27062,collaborator
27124,collaborator
27125,occasional
27126,prolific
27142,prolific
27145,prolific
27147,prolific
27148,core
27149,collaborator
27160,core
27169,collaborator
27170,core
27171,occasional
27172,prolific
27175,collaborator
27189,collaborator
27190,collaborator
27191,core
27192,prolific
27194,collaborator
2720,occasional
27218,occasional
27221,prolific
27222,prolific
27224,prolific
27225,occasional
27233,prolific
27242,collaborator
27243,core
27244,occasional
27245,core
27246,occasional
27248,collaborator
27251,core
27252,collaborator
27253,collaborator
27255,occasional
27281,collaborator
27282,collaborator
27283,occasional
27285,prolific
27292,occasional
27297,collaborator
27301,occasional
27302,collaborator
27304,core
27305,prolific
27306,core
27308,core
27309,prolific
27311,core
27312,core
27318,collaborator
27319,prolific
27320,occasional
27322,collaborator
27327,prolific
27331,core
27348,core
27349,collaborator
27350,collaborator
27351,prolific
27352,collaborator
27358,collaborator
2736,prolific
27363,collaborator
27365,prolific
2737,collaborator
27375,collaborator
2738,collaborator
27385,core
27397,collaborator
27400,prolific
27402,core
27406,core
27407,collaborator
27408,occasional
27409,core
27410,prolific
27412,collaborator
27428,prolific
2743,occasional
2744,collaborator
27442,prolific
27443,prolific
27444,collaborator
27445,occasional
27470,core
27471,core
27478,collaborator
27479,collaborator
27481,collaborator
27489,collaborator
27493,occasional
27494,prolific
27498,prolific
27550,occasional
27557,collaborator
27560,core
27561,collaborator
27563,prolific
27573,collaborator
27575,prolific
27576,collaborator
27578,core
27579,prolific
2758,collaborator
27580,occasional
27581,collaborator
27587,core
27588,occasional
2759,core
276,collaborator
2760,occasional
27613,prolific
27617,occasional
27633,occasional
27634,collaborator
27637,prolific
27638,prolific
27640,occasional
27641,occasional
27644,occasional
2765,prolific
27650,occasional
27652,core
27653,collaborator
27654,collaborator
27656,collaborator
2766,occasional
27666,collaborator
27686,occasional
27690,collaborator
277,prolific
27701,occasional
27710,occasional
27728,collaborator
27738,prolific
27739,prolific
27742,core
27743,collaborator
27746,core
27747,prolific
27748,occasional
27749,prolific
27750,collaborator
27751,core
27771,occasional
27772,prolific
27775,occasional
27779,occasional
27792,occasional
27796,occasional
278,occasional
27800,prolific
27805,occasional
27806,prolific
27811,prolific
27815,occasional
27862,core
27872,collaborator
27882,occasional
27883,collaborator
27884,prolific
2789,core
27901,prolific
27902,core
27904,prolific
27905,core
27908,prolific
27909,collaborator
27915,core
27918,core
27919,core
2794,prolific
27943,core
27950,collaborator
2796,prolific
2797,collaborator
27970,prolific
27971,prolific
27972,prolific
27973,prolific
28002,collaborator
28003,collaborator
28005,prolific
28018,core
28019,prolific
28022,prolific
28027,prolific
28029,occasional
2803,occasional
28030,core
28034,occasional
28035,collaborator
28045,occasional
28046,collaborator
28048,collaborator
28062,collaborator
28063,occasional
28064,collaborator
28128,occasional
28129,occasional
28130,prolific
28133,core
28135,prolific
28138,collaborator
28139,occasional
28142,occasional
28143,collaborator
28156,occasional
28164,occasional
28188,core
28190,prolific
28194,collaborator
28210,collaborator
28224,prolific
28232,core
28235,occasional
28236,prolific
28237,prolific
28239,collaborator
28246,occasional
28247,occasional
28249,occasional
28250,prolific
28251,prolific
28252,core
28253,core
28255,collaborator
28256,collaborator
28257,prolific
28258,occasional
28260,occasional
28262,collaborator
28264,occasional
28273,core
28283,occasional
28287,collaborator
28293,occasional
28298,core
28299,prolific
283,occasional
28300,prolific
28302,core
28317,collaborator
28321,core
28327,collaborator
28331,core
28334,occasional
28341,core
28377,collaborator
28384,collaborator
28385,core
28386,occasional
28389,prolific
2839,collaborator
28390,collaborator
28391,prolific
28393,core
28394,occasional
284,core
28402,prolific
28415,core
28416,collaborator
28426,prolific
28427,occasional
28429,occasional
28430,collaborator
28431,core
2844,collaborator
2847,occasional
28516,occasional
28519,core
2852,occasional
28523,collaborator
28524,collaborator
28525,collaborator
28527,prolific
28529,occasional
28530,occasional
28535,collaborator
28536,prolific
28538,collaborator
28545,occasional
28546,prolific
28547,collaborator
28549,core
2855,collaborator
2856,occasional
28563,core
28564,occasional
2857,collaborator
28577,prolific
28579,occasional
2858,occasional
2859,occasional
28623,core
28625,core
28633,prolific
28682,occasional
28692,prolific
28704,prolific
28706,occasional
28707,collaborator
28709,occasional
28711,collaborator
28712,collaborator
28714,occasional
28717,occasional
28718,occasional
28730,collaborator
28748,core
28751,occasional
28753,core
28787,collaborator
28788,collaborator
28789,prolific
28796,prolific
28797,core
28807,collaborator
28808,occasional
28810,occasional
28811,core
28812,prolific
28813,core
28821,core
28822,prolific
28827,occasional
28862,occasional
28864,collaborator
28865,prolific
28887,collaborator
28888,core
2889,occasional
28890,core
28893,core
28894,occasional
28895,occasional
289,prolific
28907,occasional
28917,collaborator
28918,occasional
28933,core
28934,core
28935,prolific
28937,core
28943,collaborator
28964,prolific
28965,occasional
28968,occasional
28971,occasional
28972,core
28974,core
28977,collaborator
28978,occasional
28994,collaborator
29001,occasional
29005,prolific
29006,collaborator
29026,collaborator
29027,core
2906,core
29062,collaborator
29065,prolific
29067,core
29075,occasional
29076,collaborator
29083,core
29091,core
29096,prolific
291,collaborator
2910,occasional
29114,prolific
29115,collaborator
29121,collaborator
29127,core
29128,collaborator
29131,occasional
29132,core
29134,core
29136,occasional
29142,prolific
29153,occasional
2916,core
2917,core
29186,core
29187,occasional
29189,collaborator
2919,collaborator
29190,prolific
29192,collaborator
29193,collaborator
29194,core
29200,core
29202,occasional
29218,core
29219,core
29220,prolific
29224,collaborator
29226,core
29227,collaborator
29228,core
2924,collaborator
2925,collaborator
29258,core
29259,occasional
2926,core
29274,prolific
29282,prolific
29284,collaborator
29285,collaborator
29289,occasional
29293,occasional
29294,core
29295,collaborator
293,collaborator
29301,core
29302,prolific
29305,prolific
29306,collaborator
29315,core
2932,occasional
29327,prolific
29328,core
29334,occasional
29336,collaborator
29353,occasional
29355,collaborator
29356,core
29366,prolific
29376,prolific
29380,core
29384,core
29388,collaborator
29389,occasional
29390,prolific
294,occasional
29403,core
29408,collaborator
29421,prolific
29422,core
29423,prolific
29430,occasional
29468,collaborator
29489,prolific
29490,collaborator
295,prolific
29502,occasional
29508,core
29511,prolific
29517,core
29520,occasional
29521,occasional
29525,collaborator
29526,core
29536,collaborator
29546,core
29547,core
29557,prolific
29559,collaborator
29562,occasional
296,collaborator
29606,core
29607,core
2962,collaborator
29620,prolific
29621,occasional
29629,prolific
29631,collaborator
2964,collaborator
29643,occasional
29644,collaborator
29649,core
2965,collaborator
2966,occasional
2968,prolific
29684,collaborator
29687,prolific
2969,prolific
297,core
29732,occasional
29736,prolific
29737,core
29738,collaborator
29739,prolific
29740,prolific
29741,collaborator
29751,collaborator
29753,core
29754,collaborator
29755,collaborator
29756,occasional
29758,prolific
29767,collaborator
29769,occasional
29787,core
29788,core
29790,occasional
29791,core
29798,collaborator
298,core
29800,collaborator
29801,collaborator
29802,collaborator
29807,core
29810,collaborator
29829,collaborator
29833,collaborator
29835,core
2984,occasional
29840,occasional
29842,prolific
29844,collaborator
29845,collaborator
29860,collaborator
2988,occasional
29880,collaborator
29881,collaborator
2989,prolific
29890,prolific
29891,occasional
29893,collaborator
29895,prolific
29896,occasional
29902,core
29903,prolific
29906,occasional
29909,occasional
29920,collaborator
29923,occasional
29924,occasional
29925,occasional
29934,occasional
29942,collaborator
29945,occasional
29947,core
29949,occasional
29958,occasional
29959,core
29960,prolific
29974,collaborator
29983,collaborator
29984,prolific
29985,occasional
29996,occasional
29997,prolific
3,occasional
30,prolific
30007,occasional
3001,occasional
30014,core
30015,prolific
30016,collaborator
30018,occasional
30023,collaborator
30028,collaborator
3003,collaborator
30049,core
3005,core
30050,prolific
30057,occasional
30060,occasional
30062,occasional
30063,occasional
30068,prolific
3008,occasional
3010,occasional
3012,prolific
30126,core
30129,occasional
30132,core
30136,core
30147,occasional
30149,collaborator
30160,collaborator
30167,occasional
30168,prolific
30170,prolific
30179,occasional
3018,prolific
30180,core
30189,occasional
30192,occasional
30193,collaborator
30194,collaborator
30195,occasional
30196,core
30199,prolific
302,core
30202,collaborator
30222,prolific
30224,occasional
30234,collaborator
3028,prolific
30287,collaborator
303,collaborator
30317,core
30320,core
3034,core
30343,occasional
30352,occasional
30353,core
30355,collaborator
30362,occasional
30370,collaborator
30371,occasional
30372,prolific
30375,prolific
30376,occasional
304,prolific
30400,occasional
30407,core
30408,core
30418,prolific
30422,collaborator
3043,prolific
30441,collaborator
30444,occasional
30445,prolific
3045,core
30453,collaborator
30454,occasional
30455,core
3046,core
30463,core
30466,occasional
3047,occasional
30476,prolific
30479,occasional
30502,collaborator
30513,collaborator
30514,prolific
30524,collaborator
30527,collaborator
30528,collaborator
30529,occasional
30542,collaborator
30547,core
30588,occasional
30589,collaborator
30592,collaborator
30593,collaborator
30595,core
30601,collaborator
30614,collaborator
30625,prolific
30627,occasional
30630,occasional
30631,core
30664,collaborator
30666,core
30667,prolific
30668,core
30669,occasional
3067,core
3068,prolific
3069,core
30693,prolific
30698,core
30700,collaborator
30701,occasional
30703,occasional
30704,core
30705,core
30710,core
3073,prolific
30730,core
30731,core
30733,core
30735,collaborator
30736,core
30738,occasional
30764,prolific
30775,occasional
30780,occasional
30783,prolific
30790,occasional
30828,prolific
30829,prolific
30843,prolific
30849,prolific
30864,collaborator
30865,prolific
30866,occasional
3087,occasional
30877,core
30878,prolific
3088,prolific
30912,core
30918,core
30920,occasional
30921,occasional
30922,collaborator
30923,core
30924,core
30925,prolific
30927,collaborator
30941,prolific
30947,occasional
30948,occasional
30951,occasional
30952,collaborator
30972,core
310,prolific
3102,core
3105,prolific
31063,core
31076,prolific
31077,occasional
31078,collaborator
31079,occasional
3108,occasional
31080,core
31088,prolific
31089,occasional
31097,occasional
31098,core
31099,occasional
31100,prolific
31103,collaborator
31104,collaborator
31113,core
31114,collaborator
31116,occasional
31117,core
31126,prolific
31133,occasional
31136,collaborator
31138,occasional
31142,core
31146,occasional
31163,collaborator
31165,collaborator
31166,collaborator
31167,collaborator
3117,core
31187,core
31197,occasional
3121,core
3123,collaborator
31235,prolific
3124,occasional
31255,prolific
31256,collaborator
31259,prolific
31261,occasional
31264,core
31265,collaborator
31290,occasional
3130,core
31304,prolific
31334,collaborator
31336,core
31340,prolific
31344,occasional
31345,occasional
31346,occasional
31358,collaborator
3136,collaborator
31361,prolific
31362,core
3138,prolific
31389,core
31397,core
31398,core
31404,prolific
3141,collaborator
31414,core
31415,prolific
3142,collaborator
31445,prolific
31449,occasional
31458,core
31459,prolific
31465,core
31466,collaborator
31467,occasional
3147,occasional
31470,prolific
31471,prolific
31472,collaborator
3148,collaborator
3149,core
31491,occasional
31501,core
31502,occasional
31506,prolific
3151,collaborator
31524,prolific
31561,collaborator
31562,occasional
31564,occasional
31565,collaborator
31568,prolific
31588,collaborator
3160,core
31638,prolific
31644,prolific
3166,core
3167,prolific
3168,occasional
3169,collaborator
31756,occasional
31758,prolific
31782,occasional
31796,core
31797,prolific
31800,collaborator
31802,collaborator
31813,collaborator
31815,core
31862,collaborator
31870,occasional
31875,occasional
31876,prolific
31878,collaborator
31880,core
31883,occasional
3189,prolific
31898,occasional
319,occasional
3190,prolific
31904,occasional
31906,occasional
31928,core
3193,prolific
31930,prolific
31931,collaborator
31936,occasional
3194,core
320,collaborator
32003,prolific
32004,core
32009,prolific
3201,occasional
32010,collaborator
32011,collaborator
32013,occasional
32016,occasional
32017,prolific
32018,collaborator
32020,collaborator
32021,collaborator
32022,collaborator
3203,core
3204,prolific
32046,core
32047,collaborator
32049,occasional
32051,occasional
32053,collaborator
32054,core
32055,core
32056,prolific
32057,occasional
32058,collaborator
32059,core
32063,core
3207,prolific
32073,occasional
32078,collaborator
32079,occasional
32080,collaborator
3209,core
32095,core
32099,collaborator
321,occasional
3210,occasional
32100,prolific
32101,collaborator
32104,occasional
32105,core
32109,occasional
32120,occasional
32121,prolific
32122,occasional
32124,prolific
32129,core
32131,core
32156,core
32158,core
32186,core
32187,occasional
32191,collaborator
32202,core
32209,occasional
32211,prolific
32212,core
32213,collaborator
32217,occasional
32232,occasional
32267,occasional
32268,prolific
32269,collaborator
32270,core
32298,prolific
32300,core
32302,collaborator
32307,occasional
32308,core
32317,occasional
32318,occasional
32319,core
3232,core
32323,collaborator
32325,core
3233,collaborator
32342,collaborator
32345,core
3235,occasional
32351,prolific
32352,core
32357,core
32361,collaborator
32362,collaborator
32368,collaborator
32370,core
32371,prolific
32372,core
32379,core
32398,core
32400,prolific
32403,prolific
32404,collaborator
32406,occasional
32409,core
3241,collaborator
32410,prolific
32413,core
32414,prolific
32416,occasional
3242,collaborator
32432,occasional
32443,prolific
32444,prolific
32447,collaborator
32457,core
32468,core
3247,collaborator
32473,core
32474,collaborator
3248,collaborator
32482,prolific
32483,collaborator
32485,collaborator
32486,collaborator
32487,prolific
32506,prolific
32507,collaborator
32508,occasional
32509,core
32510,prolific
32512,prolific
32513,occasional
32514,collaborator
32528,occasional
32529,occasional
32530,core
32559,prolific
32562,occasional
32563,collaborator
32564,collaborator
32595,core
32596,prolific
32607,collaborator
32650,prolific
32654,collaborator
32656,occasional
32663,collaborator
32664,prolific
32665,occasional
32666,occasional
32669,core
32670,collaborator
32672,core
32673,prolific
32675,core
3269,core
3270,occasional
32715,core
32717,prolific
32718,core
32719,prolific
3272,prolific
32721,prolific
32722,collaborator
32723,collaborator
32724,prolific
32738,core
32743,core
32744,occasional
32752,collaborator
32753,occasional
32754,core
32755,core
3276,collaborator
32776,prolific
32777,occasional
32778,core
32787,prolific
32791,prolific
32796,prolific
32799,core
32840,core
3289,collaborator
3293,prolific
33040,occasional
33042,collaborator
33053,prolific
33068,occasional
33095,occasional
33099,collaborator
33101,prolific
33108,core
33109,collaborator
33126,collaborator
33127,collaborator
33128,occasional
33131,prolific
33132,core
33135,prolific
33139,collaborator
33141,occasional
33152,occasional
33181,collaborator
33189,occasional
33190,prolific
33194,occasional
33195,prolific
33202,prolific
33203,occasional
33205,collaborator
33218,prolific
33224,core
33226,prolific
3328,occasional
3329,prolific
333,core
3330,core
33302,core
3331,collaborator
3334,core
3335,collaborator
33351,core
3336,core
33362,prolific
33364,occasional
33367,core
3337,occasional
33380,collaborator
334,occasional
33400,occasional
33401,core
33402,occasional
33428,core
33429,collaborator
33430,core
33431,occasional
33448,prolific
335,collaborator
33500,core
33504,occasional
33507,collaborator
33509,collaborator
33513,collaborator
33526,core
33528,prolific
33532,collaborator
33593,prolific
33604,core
33609,occasional
33610,occasional
33615,occasional
33635,collaborator
33636,prolific
33641,core
33643,prolific
3365,collaborator
33650,core
33657,prolific
33658,prolific
33659,occasional
33686,prolific
33687,prolific
33692,collaborator
33709,core
33751,occasional
33752,collaborator
33753,prolific
33756,core
33757,occasional
33759,occasional
33760,core
33763,prolific
3377,core
33777,occasional
33778,prolific
33779,prolific
33781,prolific
33797,core
33798,core
33805,prolific
3382,collaborator
33830,occasional
33832,prolific
33833,core
33834,core
33840,occasional
33851,occasional
33854,collaborator
33855,core
33883,collaborator
33884,occasional
33885,core
33886,occasional
33887,core
33908,collaborator
33909,prolific
33921,collaborator
33925,occasional
33926,occasional
33927,prolific
3393,prolific
33932,prolific
33937,occasional
33941,collaborator
33943,prolific
33944,core
33945,occasional
33973,occasional
33983,collaborator
33984,collaborator
33985,prolific
34009,occasional
34011,core
34012,prolific
34013,collaborator
34018,core
34021,collaborator
34023,prolific
34032,core
34033,collaborator
34051,occasional
34066,occasional
34067,prolific
34072,core
34085,collaborator
34090,collaborator
34097,occasional
34101,prolific
34107,core
34110,occasional
34111,occasional
34114,occasional
34124,collaborator
34127,prolific
342,occasional
3420,occasional
34200,collaborator
34205,core
34206,core
34207,core
3421,collaborator
34218,collaborator
34226,prolific
3423,core
34231,collaborator
34265,core
34266,prolific
34267,occasional
34270,core
3430,occasional
3431,occasional
34319,prolific
3432,prolific
3433,occasional
34332,core
34333,occasional
34340,collaborator
34387,collaborator
34391,collaborator
34417,collaborator
34454,prolific
34455,core
34456,prolific
34457,collaborator
34459,occasional
34462,collaborator
34463,occasional
34478,core
34479,collaborator
3449,collaborator
34494,collaborator
34524,collaborator
34525,core
34529,collaborator
34531,occasional
34535,core
34537,prolific
34539,collaborator
346,collaborator
34608,occasional
34618,core
34676,collaborator
34679,core
3468,core
34688,occasional
347,occasional
34718,prolific
34725,collaborator
34726,collaborator
34727,prolific
34729,occasional
34732,occasional
34745,core
34749,occasional
3479,core
3480,prolific
34801,core
34802,prolific
34809,prolific
34810,prolific
34862,prolific
34863,occasional
34864,collaborator
34866,prolific
34867,core
34868,collaborator
34869,core
34880,core
34881,core
34882,prolific
34883,collaborator
34890,prolific
34893,occasional
349,prolific
34908,core
34913,occasional
34916,collaborator
34917,prolific
34922,occasional
34928,prolific
34929,prolific
3493,prolific
34945,core
34947,core
34952,core
34954,collaborator
34956,prolific
34957,prolific
34968,prolific
34970,prolific
34975,collaborator
35,prolific
350,collaborator
35020,occasional
35026,core
35029,core
3503,collaborator
35031,core
35033,core
35034,collaborator
35038,collaborator
35039,occasional
3504,core
35042,core
35044,prolific
35055,prolific
35056,occasional
35057,collaborator
35058,collaborator
35073,core
3508,collaborator
3510,collaborator
35111,occasional
35112,prolific
35113,prolific
35135,prolific
35141,occasional
35152,core
35153,occasional
35154,core
35155,occasional
35157,occasional
35159,core
35160,collaborator
35161,prolific
35165,collaborator
3518,prolific
3519,core
352,core
3527,collaborator
3528,occasional
3529,occasional
35290,core
35292,collaborator
35293,occasional
35295,occasional
35299,occasional
353,occasional
35301,prolific
35302,collaborator
35303,collaborator
35304,core
35317,collaborator
35318,collaborator
3532,core
3534,occasional
35348,prolific
35363,prolific
35375,collaborator
35377,prolific
35381,prolific
3539,core
3540,collaborator
3541,collaborator
35411,core
35412,collaborator
3542,prolific
35426,core
35428,collaborator
35429,prolific
3543,collaborator
3544,prolific
35441,core
35449,collaborator
3545,collaborator
35451,core
35452,core
3547,prolific
3550,prolific
3551,prolific
3552,core
3553,prolific
3554,collaborator
35550,occasional
35552,prolific
35596,prolific
35597,core
35598,core
35599,prolific
35602,collaborator
35630,prolific
35631,collaborator
35637,prolific
35638,core
35640,core
35655,occasional
35656,prolific
3566,collaborator
35662,occasional
35664,collaborator
35666,prolific
3569,prolific
35690,collaborator
35691,occasional
35693,collaborator
35695,occasional
357,collaborator
35703,occasional
35707,prolific
35709,collaborator
35729,occasional
35730,core
35731,occasional
35739,collaborator
35740,occasional
35777,collaborator
35778,collaborator
3579,collaborator
35790,occasional
35791,collaborator
35795,prolific
35796,core
35798,prolific
35799,collaborator
358,collaborator
3580,occasional
35811,collaborator
35812,core
35813,collaborator
3582,core
3584,occasional
35881,collaborator
35882,occasional
35907,occasional
3591,core
35916,collaborator
35917,core
35930,core
35933,occasional
35946,occasional
35947,core
35952,core
35953,core
35954,core
35955,collaborator
35957,collaborator
35958,core
35961,prolific
35962,collaborator
3597,core
35970,core
35972,core
35978,prolific
3598,core
35991,collaborator
36002,collaborator
36013,occasional
36014,occasional
36015,collaborator
36016,prolific
36019,prolific
36020,occasional
36024,collaborator
36026,collaborator
36027,core
36029,prolific
3603,core
3604,core
36044,core
36052,core
36061,prolific
36062,core
36065,occasional
36066,collaborator
3607,core
36089,collaborator
3609,core
36094,collaborator
36098,occasional
36099,occasional
36102,collaborator
36109,prolific
36110,prolific
36117,collaborator
36125,occasional
36133,core
36136,occasional
36138,collaborator
36140,core
36141,collaborator
36146,core
36148,prolific
36149,prolific
36150,core
36151,prolific
36182,core
36183,prolific
36197,core
36198,core
36199,collaborator
36202,collaborator
36213,occasional
36215,prolific
36217,collaborator
36244,occasional
36257,collaborator
36258,prolific
36290,prolific
36291,prolific
36314,core
3634,prolific
3636,occasional
36361,prolific
36368,prolific
36370,core
36372,core
36373,collaborator
3639,collaborator
36409,prolific
36442,collaborator
36444,occasional
3645,occasional
36454,occasional
36455,core
36456,core
36457,occasional
36458,prolific
36464,collaborator
36466,core
36471,prolific
36474,collaborator
36475,collaborator
36476,occasional
3649,prolific
36528,prolific
36531,occasional
36562,occasional
36566,occasional
36567,occasional
36568,prolific
36570,collaborator
36571,collaborator
36572,occasional
36579,occasional
3658,occasional
36580,occasional
36602,collaborator
36604,occasional
36608,core
36611,occasional
36617,collaborator
36618,core
36619,collaborator
36625,prolific
36642,core
36643,collaborator
36657,core
36688,prolific
36704,occasional
36739,collaborator
36740,core
36741,core
36743,prolific
36744,prolific
3675,collaborator
36752,prolific
36753,occasional
36756,collaborator
36758,occasional
36759,collaborator
3677,collaborator
3678,collaborator
36781,core
36782,collaborator
36783,core
36789,collaborator
3679,occasional
3680,core
3681,occasional
36814,prolific
36815,core
3682,core
36820,core
36821,occasional
36822,collaborator
36823,core
36825,collaborator
36827,prolific
36833,collaborator
3684,core
3685,collaborator
3686,core
3688,core
3689,occasional
36907,collaborator
3691,collaborator
36910,occasional
36911,collaborator
36923,prolific
36969,occasional
36970,occasional
36973,prolific
36974,occasional
36975,core
37036,prolific
37040,core
37045,collaborator
37046,core
37052,core
37070,collaborator
37071,collaborator
3708,core
37088,occasional
37093,occasional
37097,occasional
3710,prolific
37105,prolific
3711,collaborator
3712,occasional
3713,collaborator
37141,prolific
37142,core
37148,occasional
37149,collaborator
37150,collaborator
37151,occasional
37152,core
3717,collaborator
37179,occasional
3721,collaborator
3722,core
37230,occasional
37231,occasional
3724,prolific
37240,occasional
37246,occasional
37247,collaborator
37248,core
37252,prolific
37253,occasional
37254,collaborator
37255,prolific
37259,core
37263,core
37264,core
3728,prolific
37283,prolific
37285,core
37286,collaborator
37287,prolific
37290,collaborator
37292,core
37303,core
37310,collaborator
37315,core
37316,prolific
37317,collaborator
37328,collaborator
37330,core
37378,collaborator
3738,prolific
3739,core
37479,core
37483,occasional
37488,core
37519,core
37523,prolific
37526,core
37531,prolific
37536,core
37540,prolific
37541,prolific
37542,occasional
37544,collaborator
37546,prolific
3762,occasional
37653,prolific
37655,collaborator
37656,core
37659,prolific
3766,occasional
3768,core
37693,collaborator
37696,core
37697,occasional
37699,occasional
37704,core
37716,prolific
37717,collaborator
37721,collaborator
37733,occasional
37734,core
37743,core
37747,collaborator
3775,collaborator
3776,collaborator
3778,collaborator
37784,prolific
37786,occasional
37787,collaborator
37791,prolific
37794,prolific
37798,prolific
3780,occasional
37805,core
3781,occasional
37810,collaborator
37811,collaborator
37817,core
37818,collaborator
37831,occasional
37832,core
37842,core
37843,collaborator
37858,prolific
37860,core
37861,occasional
37862,core
37865,occasional
37867,prolific
37907,collaborator
37908,prolific
37910,collaborator
37918,core
37937,prolific
37941,prolific
37942,prolific
37943,core
37944,core
37945,collaborator
37949,occasional
37950,prolific
37953,occasional
37983,prolific
37985,occasional
37986,collaborator
37987,core
37990,occasional
37991,core
37992,prolific
37997,prolific
3803,occasional
3810,occasional
38109,collaborator
3811,occasional
38112,prolific
3812,prolific
3813,prolific
38155,core
3816,occasional
38171,occasional
38173,prolific
38185,core
38196,core
38219,collaborator
38226,core
38227,collaborator
38228,core
38230,prolific
38231,occasional
38232,collaborator
3824,occasional
38251,core
38257,collaborator
38261,occasional
38262,occasional
38264,core
38276,prolific
38279,occasional
38280,occasional
38284,occasional
38285,core
38289,core
3829,collaborator
38290,core
38291,occasional
38295,occasional
38296,collaborator
38297,occasional
3830,prolific
38300,core
38305,prolific
38308,prolific
38309,occasional
38313,collaborator
38317,occasional
38319,core
3832,prolific
38321,occasional
38322,core
38323,collaborator
3833,occasional
38343,collaborator
38347,collaborator
38349,prolific
38350,core
38351,occasional
38352,core
3837,prolific
38374,occasional
38375,occasional
38378,collaborator
38379,core
38384,collaborator
3839,core
384,occasional
38413,prolific
38415,prolific
38417,collaborator
38418,core
3842,collaborator
38432,core
38439,prolific
38446,occasional
38447,core
38448,prolific
38450,occasional
38452,occasional
3849,collaborator
385,prolific
3851,collaborator
38513,core
38515,core
3852,occasional
38527,prolific
38529,prolific
3853,collaborator
38530,collaborator
38533,prolific
38534,occasional
38540,occasional
38542,occasional
38549,collaborator
38553,occasional
38556,prolific
38557,occasional
38564,core
38567,collaborator
38572,core
38575,collaborator
38576,prolific
38578,prolific
38584,core
38589,collaborator
38590,occasional
38595,collaborator
386,occasional
38606,prolific
38607,core
38608,occasional
38632,prolific
38633,core
38645,occasional
38670,collaborator
38672,occasional
38675,core
38681,core
38683,collaborator
38685,collaborator
38687,occasional
38694,collaborator
38697,occasional
38699,collaborator
38711,prolific
38712,collaborator
38713,collaborator
38714,core
38716,prolific
38721,prolific
38724,core
38725,prolific
38748,prolific
3877,core
38804,occasional
38805,occasional
38806,occasional
38810,occasional
38812,prolific
38816,prolific
38818,occasional
38820,prolific
38829,core
38830,collaborator
38831,occasional
38858,occasional
38861,prolific
38863,collaborator
38868,collaborator
38869,occasional
3887,occasional
3888,prolific
38881,occasional
38884,prolific
38887,core
38888,core
3889,core
38890,core
38898,core
38899,occasional
3890,core
38921,occasional
38922,core
3894,occasional
38966,core
38968,prolific
38969,occasional
38970,collaborator
38977,collaborator
38979,occasional
38980,occasional
38981,core
38983,collaborator
38985,occasional
38987,core
39037,prolific
3905,occasional
39050,occasional
39062,occasional
39063,core
3907,prolific
39078,collaborator
3908,prolific
39092,prolific
39093,prolific
3910,prolific
39108,occasional
39111,collaborator
39113,core
39120,occasional
39121,core
39140,core
39143,core
39144,collaborator
39145,prolific
39160,prolific
39161,prolific
39172,collaborator
39173,occasional
39174,collaborator
39186,occasional
39187,collaborator
39190,occasional
39192,core
39193,occasional
39194,collaborator
39196,occasional
39197,collaborator
39218,occasional
39219,prolific
39220,collaborator
39221,occasional
39223,collaborator
39238,core
39239,collaborator
39244,core
39251,occasional
39258,prolific
3926,collaborator
39264,prolific
3927,collaborator
39298,core
39305,core
39327,core
39329,occasional
39335,core
39339,collaborator
39341,core
39343,core
39344,occasional
39345,core
39346,collaborator
39365,occasional
39367,prolific
3937,collaborator
39371,collaborator
39372,collaborator
39374,prolific
39375,collaborator
39378,collaborator
39385,occasional
3940,prolific
39418,core
39429,prolific
39435,core
39436,collaborator
39437,core
39438,core
39439,core
39443,occasional
39446,core
39447,core
39448,collaborator
39450,prolific
39451,prolific
39460,collaborator
39465,core
39478,core
39480,occasional
39491,prolific
39492,collaborator
39494,occasional
3952,core
39521,occasional
39522,core
39526,occasional
39527,core
39529,occasional
39536,core
39542,collaborator
39543,occasional
3955,occasional
39577,prolific
39578,occasional
39579,collaborator
39582,collaborator
39583,prolific
39587,core
39597,collaborator
39598,core
3964,core
3965,prolific
39659,prolific
3967,occasional
39696,core
39713,collaborator
39714,prolific
39718,core
39720,collaborator
39721,core
39722,core
39741,collaborator
39743,collaborator
39746,prolific
39769,core
39789,collaborator
39790,core
39791,prolific
39794,collaborator
39808,collaborator
3981,core
39815,collaborator
39820,prolific
39822,prolific
3983,occasional
39856,collaborator
39871,core
39872,prolific
39876,prolific
39882,occasional
3990,occasional
39902,occasional
39903,occasional
39908,collaborator
39910,prolific
39913,collaborator
39920,collaborator
39921,prolific
39923,occasional
39949,core
39950,prolific
39951,collaborator
39952,collaborator
39955,occasional
39956,occasional
39960,occasional
39962,occasional
39963,prolific
39965,prolific
39968,core
39969,occasional
39976,occasional
39978,collaborator
3998,prolific
39999,prolific
4,core
40000,occasional
40006,collaborator
4001,core
40011,prolific
40012,occasional
40013,prolific
40014,prolific
4002,occasional
40033,core
40034,core
40037,collaborator
40041,prolific
40045,occasional
4005,collaborator
40050,prolific
4006,collaborator
4007,core
40098,collaborator
40099,prolific
40100,prolific
40108,collaborator
4012,prolific
40126,core
40170,core
40173,prolific
40178,core
40181,prolific
40208,collaborator
40209,occasional
40215,prolific
40216,collaborator
40218,core
40225,occasional
4024,prolific
40242,collaborator
40244,collaborator
40246,core
40270,prolific
40274,core
40275,occasional
40279,occasional
4028,prolific
40282,prolific
4029,collaborator
4032,collaborator
40321,core
40324,occasional
40325,occasional
40330,core
40331,prolific
40339,occasional
40341,core
40343,core
40346,occasional
4035,collaborator
40350,prolific
40353,occasional
40393,collaborator
40394,core
40400,prolific
40402,core
40403,core
40405,occasional
40407,prolific
40411,collaborator
40412,occasional
40415,core
40417,core
40419,prolific
40420,core
40425,core
40427,occasional
40431,core
4044,occasional
40440,prolific
40443,prolific
40444,prolific
40445,prolific
40447,occasional
4045,core
40495,prolific
40496,occasional
40497,core
40498,occasional
40508,prolific
40509,occasional
40516,occasional
40552,core
40599,prolific
40600,core
40607,core
40608,collaborator
40610,core
40611,core
40618,collaborator
40621,core
40622,prolific
40636,occasional
40639,collaborator
40640,collaborator
40641,core
40642,collaborator
40649,prolific
4065,core
40666,core
4067,prolific
40671,core
40675,core
4068,core
40682,prolific
40683,core
40684,prolific
40720,prolific
40728,occasional
40729,prolific
40732,collaborator
40735,collaborator
40736,occasional
40739,core
4074,collaborator
40740,prolific
40741,collaborator
40745,occasional
40748,occasional
4075,core
40750,collaborator
40751,occasional
40758,occasional
4076,prolific
40761,prolific
40762,occasional
40764,collaborator
40765,core
40767,prolific
40768,prolific
40769,core
4077,prolific
40771,collaborator
40772,collaborator
40773,core
40776,core
40778,occasional
40781,core
40783,collaborator
40784,core
40790,collaborator
40797,occasional
40811,occasional
40823,collaborator
40824,occasional
40826,core
40839,prolific
4084,collaborator
40847,prolific
40848,prolific
40855,occasional
40857,collaborator
40978,core
40984,collaborator
40987,collaborator
40990,prolific
40995,occasional
41,occasional
41002,collaborator
41025,occasional
41031,collaborator
41032,core
41036,prolific
41037,occasional
41058,collaborator
41077,prolific
41078,core
41079,collaborator
41080,occasional
411,core
4110,core
4111,collaborator
41119,core
4112,occasional
41124,collaborator
41127,prolific
41128,core
41129,occasional
41132,occasional
41133,prolific
41134,prolific
4114,core
41140,core
41141,prolific
41157,occasional
41161,collaborator
41169,collaborator
41170,occasional
41190,occasional
41191,prolific
41192,core
41193,occasional
41196,prolific
41199,prolific
41202,core
41207,core
41212,occasional
41217,occasional
41283,collaborator
41302,prolific
41303,collaborator
41304,occasional
41308,collaborator
41321,prolific
41333,occasional
41342,occasional
41347,core
41353,core
41354,collaborator
41357,core
41358,collaborator
41366,core
41367,core
41380,core
41382,prolific
41387,collaborator
41418,core
41419,core
4142,prolific
41421,collaborator
41425,occasional
41426,occasional
41427,occasional
41428,core
41434,collaborator
41451,prolific
41452,occasional
41473,collaborator
41475,collaborator
41476,collaborator
41477,prolific
41478,prolific
4148,prolific
4154,core
41554,core
41567,collaborator
41569,occasional
41574,prolific
41577,collaborator
41579,collaborator
4159,prolific
4160,core
4161,collaborator
41610,collaborator
41611,prolific
41665,occasional
41666,collaborator
41667,core
41668,occasional
41669,occasional
41676,prolific
41677,core
41725,collaborator
41726,prolific
4173,core
41767,collaborator
41797,core
41798,prolific
41799,occasional
418,core
41801,occasional
41802,collaborator
41813,occasional
41839,core
41862,core
41865,core
41875,prolific
41876,collaborator
41877,collaborator
41882,collaborator
41883,core
41884,core
41885,prolific
41899,prolific
41918,occasional
41919,occasional
41935,prolific
41936,prolific
41946,occasional
41947,prolific
41961,prolific
41992,occasional
41995,core
41996,prolific
41997,prolific
420,prolific
42001,occasional
42004,core
42041,prolific
42043,core
42062,collaborator
42065,occasional
42067,collaborator
42068,collaborator
42071,prolific
42072,occasional
42077,core
42080,collaborator
42081,occasional
42092,prolific
42094,collaborator
42098,core
421,collaborator
42143,occasional
42149,core
42164,prolific
42169,occasional
42170,collaborator
42171,prolific
42172,prolific
42198,prolific
42199,occasional
42201,occasional
42202,prolific
42204,prolific
42205,collaborator
42220,core
42222,prolific
42223,core
42224,occasional
42226,occasional
42227,prolific
42228,prolific
42259,core
42281,core
42284,occasional
42285,collaborator
42293,occasional
42294,collaborator
42295,prolific
42299,collaborator
423,prolific
42300,occasional
42304,prolific
42305,core
42307,prolific
42310,core
42313,occasional
42314,core
42317,collaborator
42318,prolific
42320,core
42322,core
42324,occasional
42327,prolific
42331,core
42332,occasional
42341,prolific
42342,core
42343,core
42348,prolific
42349,collaborator
42353,prolific
42355,prolific
42357,collaborator
42366,core
42373,prolific
42386,collaborator
42389,collaborator
4239,occasional
424,core
42401,prolific
42402,collaborator
42403,core
42413,occasional
42414,prolific
42417,collaborator
42429,occasional
42430,occasional
42433,occasional
42438,core
4244,prolific
42444,prolific
4245,prolific
42453,collaborator
42472,occasional
42485,prolific
42487,collaborator
42492,collaborator
42498,prolific
42499,collaborator
425,occasional
42500,collaborator
42501,prolific
42505,prolific
42507,core
42512,prolific
42531,occasional
42551,collaborator
42552,occasional
42556,occasional
42564,core
42565,collaborator
42566,occasional
42572,prolific
42573,prolific
42576,occasional
42578,prolific
42584,occasional
42585,occasional
42586,occasional
42589,occasional
42598,occasional
426,core
42610,core
42623,occasional
42624,core
42625,collaborator
42633,prolific
42635,collaborator
42636,prolific
42637,collaborator
42639,prolific
42659,core
42668,occasional
42674,collaborator
42675,occasional
42685,core
42697,occasional
42699,occasional
427,core
42700,core
42709,core
42714,prolific
42716,core
42719,prolific
4272,core
42744,prolific
42746,occasional
42748,prolific
42749,core
4275,core
42753,core
42754,collaborator
42758,collaborator
42766,occasional
42767,collaborator
42774,collaborator
4279,collaborator
42791,prolific
42793,prolific
42808,core
42809,occasional
42810,collaborator
4282,core
42821,core
42825,core
4283,collaborator
4284,core
42843,core
42853,collaborator
42854,collaborator
42867,core
4287,occasional
4288,core
42883,occasional
42886,occasional
42887,core
42895,core
42898,prolific
4291,occasional
42919,occasional
4292,collaborator
42920,collaborator
42922,prolific
42923,occasional
42926,core
4293,occasional
42938,collaborator
42939,core
4296,collaborator
42972,collaborator
4299,collaborator
42994,collaborator
42995,collaborator
43,occasional
43002,occasional
43003,prolific
43005,prolific
43008,core
43009,occasional
4301,prolific
43010,prolific
43011,occasional
43012,occasional
43014,core
43015,occasional
43025,occasional
43031,occasional
43032,collaborator
4305,core
43051,prolific
43052,occasional
43053,core
43066,occasional
43078,core
4308,prolific
43088,core
43098,occasional
43105,core
4311,prolific
43116,collaborator
4312,occasional
43128,occasional
4313,prolific
43130,core
43131,collaborator
4314,prolific
4315,collaborator
43160,prolific
43161,occasional
43162,core
4318,collaborator
4319,collaborator
4320,prolific
43227,prolific
43229,occasional
4323,collaborator
43230,prolific
43277,prolific
43278,occasional
43279,core
43281,occasional
43287,occasional
43289,occasional
43303,collaborator
43304,prolific
43312,collaborator
43313,prolific
43314,prolific
43369,occasional
43371,core
43379,core
43405,core
43406,collaborator
43408,collaborator
43411,core
4343,core
43430,occasional
43449,occasional
43451,prolific
43452,collaborator
43457,collaborator
43465,core
43469,collaborator
43470,occasional
4348,occasional
43483,core
43484,core
4349,prolific
43601,core
43602,core
43603,core
43604,occasional
43613,prolific
43614,core
43647,collaborator
43649,prolific
43652,core
43653,occasional
43683,occasional
43685,collaborator
43697,collaborator
43698,collaborator
43704,prolific
43705,occasional
43708,occasional
43712,prolific
43713,collaborator
43714,collaborator
43715,collaborator
43725,occasional
43731,collaborator
43733,core
43734,core
43737,core
43739,collaborator
4374,core
43742,collaborator
43743,core
43744,prolific
4376,occasional
43765,core
4377,prolific
43779,collaborator
4378,occasional
43781,collaborator
4380,collaborator
43850,occasional
43856,prolific
43859,prolific
43870,collaborator
43875,core
43887,occasional
43889,occasional
43891,occasional
43892,core
4390,core
43924,collaborator
43925,prolific
43929,core
43961,core
43988,occasional
43989,collaborator
43996,core
43997,prolific
44011,core
44019,collaborator
44021,prolific
44022,prolific
44033,occasional
44034,prolific
44065,core
44069,collaborator
44070,prolific
44072,core
44075,collaborator
44079,prolific
44080,occasional
44083,core
44087,core
44091,occasional
44099,prolific
44105,core
44107,core
44111,prolific
44123,occasional
44125,prolific
44127,collaborator
44135,prolific
4415,core
4418,collaborator
44183,collaborator
4419,prolific
44191,core
44192,collaborator
44194,occasional
4422,core
44237,core
44239,prolific
44244,core
44245,occasional
44251,core
44255,occasional
44256,collaborator
44278,prolific
4430,core
44322,core
44323,core
44325,occasional
44326,collaborator
44329,prolific
44333,occasional
44335,occasional
44340,prolific
44343,collaborator
44344,core
44365,core
44385,core
44386,collaborator
44388,occasional
44392,core
44434,occasional
4444,core
4445,occasional
44467,occasional
44479,collaborator
44481,occasional
44483,occasional
44495,collaborator
44496,core
44501,occasional
44502,core
44503,prolific
44512,prolific
44513,collaborator
44514,prolific
44516,occasional
44520,core
4459,collaborator
4460,collaborator
44612,core
44613,core
4462,collaborator
44622,occasional
44623,core
4463,core
44631,collaborator
44645,core
44648,core
4465,core
44659,collaborator
44666,occasional
4467,collaborator
44674,prolific
44675,core
44676,prolific
44677,prolific
44678,collaborator
44679,prolific
44685,collaborator
44687,occasional
44688,occasional
4469,core
44696,core
44701,core
44702,prolific
44706,collaborator
44707,occasional
4471,prolific
4473,collaborator
4475,occasional
44785,prolific
44790,prolific
44791,prolific
44793,collaborator
44794,prolific
44795,prolific
44797,core
44803,core
44804,prolific
4481,occasional
4483,occasional
44866,prolific
44870,core
44878,collaborator
44880,collaborator
44881,collaborator
44882,prolific
44900,collaborator
4492,core
44934,prolific
44936,collaborator
44937,core
44938,collaborator
44943,occasional
44944,occasional
44945,core
44948,core
44951,occasional
44952,core
4498,prolific
4500,prolific
45009,occasional
4501,prolific
45015,core
4502,core
4503,prolific
45034,occasional
45039,occasional
4504,core
45045,occasional
4505,occasional
45051,occasional
45052,core
45053,collaborator
45054,collaborator
45055,occasional
4507,collaborator
45083,occasional
45086,core
45098,prolific
45102,core
45104,prolific
45105,core
45106,prolific
45107,prolific
45108,collaborator
4511,core
45121,prolific
45132,occasional
45133,occasional
45163,core
45166,core
45167,occasional
45168,prolific
45169,occasional
45180,occasional
45183,prolific
45185,collaborator
45194,occasional
45199,occasional
45200,collaborator
45207,collaborator
45208,core
45212,prolific
45213,prolific
45214,core
45221,collaborator
45227,prolific
45228,prolific
45229,occasional
45230,core
45242,prolific
45243,prolific
45246,prolific
4526,prolific
45266,core
45268,core
45269,prolific
45271,prolific
45272,prolific
45274,collaborator
45294,occasional
45303,occasional
4531,core
45319,occasional
4532,core
45320,occasional
45331,core
4534,prolific
45343,occasional
45344,collaborator
45345,occasional
4535,core
45365,core
45384,prolific
45386,prolific
4540,core
4541,occasional
4542,collaborator
45421,prolific
45422,prolific
45438,prolific
45439,occasional
4544,collaborator
45441,collaborator
45445,collaborator
45449,collaborator
45451,core
45462,collaborator
45464,core
45530,core
45531,collaborator
45533,occasional
45541,prolific
45542,core
45549,collaborator
45554,core
45555,prolific
45556,prolific
45559,core
45561,prolific
45565,core
45580,collaborator
45584,prolific
45587,core
45595,core
45603,occasional
45611,core
45616,core
45617,collaborator
45637,collaborator
45640,prolific
45641,prolific
45652,occasional
45653,core
45654,occasional
45670,prolific
45671,collaborator
45675,core
45677,prolific
45678,prolific
45683,prolific
45689,occasional
45692,prolific
45693,occasional
45694,prolific
45696,core
45697,collaborator
45732,prolific
45746,core
45747,prolific
45773,collaborator
45779,core
45786,core
45787,collaborator
45789,prolific
45790,prolific
45791,collaborator
45792,occasional
45793,core
45809,collaborator
45818,occasional
45823,core
45826,core
45827,collaborator
45838,occasional
45839,core
45856,core
45858,occasional
45861,occasional
45862,prolific
45886,prolific
45888,collaborator
45889,prolific
45890,collaborator
45891,prolific
45900,collaborator
45901,prolific
45903,collaborator
45905,occasional
45920,prolific
45970,core
45978,collaborator
45982,occasional
45983,occasional
45989,prolific
45990,core
45991,prolific
45997,core
45999,prolific
46001,occasional
46003,collaborator
46006,occasional
46013,occasional
46025,collaborator
46026,collaborator
46029,collaborator
46030,occasional
46031,collaborator
46032,prolific
46033,prolific
46042,prolific
46043,prolific
46063,core
46065,core
46068,occasional
46069,occasional
46081,collaborator
46083,occasional
46088,collaborator
46091,collaborator
461,occasional
46108,core
46109,collaborator
46110,core
46115,occasional
46119,prolific
46144,occasional
46145,core
46146,collaborator
46147,core
46148,occasional
46149,core
46150,collaborator
46151,core
46152,collaborator
46153,occasional
46154,occasional
46155,prolific
46158,collaborator
46160,occasional
46170,collaborator
46179,prolific
46229,core
46232,prolific
46238,prolific
46244,core
46259,core
46263,core
46267,prolific
46294,occasional
46295,occasional
463,occasional
46342,occasional
46344,prolific
46353,occasional
46354,collaborator
46358,collaborator
46359,core
4636,collaborator
46360,core
46361,prolific
46363,occasional
46373,occasional
46374,prolific
46400,occasional
46404,collaborator
46405,prolific
46415,core
46416,collaborator
46435,prolific
46439,occasional
46445,prolific
46449,core
46451,occasional
46454,prolific
46457,prolific
46460,occasional
46461,prolific
46462,collaborator
46491,collaborator
46497,core
465,collaborator
46532,occasional
46533,prolific
46554,prolific
46556,core
46557,prolific
46558,prolific
46559,collaborator
46572,core
46576,prolific
46577,prolific
46583,occasional
46589,occasional
46599,collaborator
46600,collaborator
46601,prolific
46607,prolific
46608,core
46618,collaborator
46663,prolific
46664,collaborator
46668,core
46671,collaborator
46672,collaborator
46673,core
46684,core
46685,collaborator
46690,core
46691,occasional
46692,core
46698,prolific
46716,collaborator
46732,prolific
46733,occasional
46735,occasional
46738,collaborator
46739,occasional
46741,prolific
46743,core
46747,core
46748,occasional
46783,occasional
46784,occasional
4679,prolific
46797,core
46798,collaborator
46799,prolific
46800,core
46803,prolific
4684,core
46847,collaborator
4685,core
46857,prolific
46858,collaborator
4686,prolific
46863,prolific
4687,occasional
46902,core
46905,prolific
46914,core
46915,occasional
46921,core
46937,prolific
46963,collaborator
46964,core
46969,core
4697,collaborator
46981,collaborator
46982,occasional
46985,collaborator
46988,collaborator
47005,prolific
47029,occasional
47030,collaborator
47045,occasional
47046,collaborator
47047,occasional
47052,prolific
47055,collaborator
47056,collaborator
47058,core
47094,collaborator
47096,core
47098,occasional
47110,core
47111,occasional
47128,collaborator
47129,collaborator
4713,core
47174,occasional
47175,prolific
47176,occasional
47194,collaborator
47205,prolific
47208,occasional
47209,collaborator
47213,prolific
47237,collaborator
47243,prolific
47247,occasional
47255,occasional
47261,occasional
47262,prolific
47263,occasional
47271,prolific
47272,core
47275,collaborator
47276,core
47277,prolific
47290,occasional
47291,occasional
47295,prolific
47299,collaborator
47306,occasional
47311,core
47312,collaborator
47314,occasional
47315,prolific
47327,core
47330,prolific
47331,occasional
47337,collaborator
4734,occasional
47371,occasional
47372,occasional
47380,collaborator
47398,core
47399,prolific
4740,prolific
47403,collaborator
47405,occasional
4741,core
4742,prolific
47424,prolific
47432,prolific
47437,occasional
4744,occasional
47442,occasional
47447,occasional
47448,occasional
47449,prolific
47450,core
47451,prolific
47463,occasional
47486,collaborator
47488,prolific
47504,core
47506,prolific
47522,occasional
47524,occasional
47527,collaborator
47528,collaborator
4753,collaborator
47556,core
47569,prolific
47571,collaborator
47608,core
47609,core
47628,occasional
47640,core
47643,prolific
47646,prolific
47647,core
47648,core
47649,collaborator
47651,prolific
47653,collaborator
47667,collaborator
47669,occasional
47670,collaborator
47674,prolific
47675,collaborator
47679,prolific
47710,prolific
47714,occasional
47717,collaborator
47718,collaborator
47719,core
47722,core
47723,core
47724,core
47731,occasional
47732,occasional
47735,core
47763,collaborator
47765,prolific
47772,prolific
47776,core
47787,collaborator
47789,collaborator
47796,core
47828,prolific
47829,core
47831,occasional
47856,occasional
47857,collaborator
4786,prolific
47865,core
4787,core
47872,core
4788,occasional
47880,core
47881,core
47882,collaborator
47883,core
4789,occasional
47890,collaborator
47892,prolific
47894,prolific
47895,occasional
47896,core
4790,prolific
47911,prolific
4795,occasional
4796,collaborator
47968,core
4797,prolific
47976,occasional
4799,occasional
47999,prolific
48000,occasional
48002,core
48003,collaborator
48006,occasional
48009,prolific
48014,occasional
48019,prolific
48032,collaborator
48038,occasional
48043,core
48045,occasional
48049,occasional
48050,prolific
48051,core
48071,occasional
48072,collaborator
48073,core
48076,occasional
48077,collaborator
48083,occasional
48090,prolific
48091,occasional
48094,core
48104,prolific
48105,prolific
48115,collaborator
48118,core
4815,core
4816,collaborator
48189,collaborator
48190,occasional
48192,collaborator
48193,core
48195,collaborator
48196,occasional
48197,occasional
48198,collaborator
48199,core
48201,occasional
48202,prolific
48203,occasional
48227,prolific
48243,prolific
48255,collaborator
48256,core
48257,prolific
48267,occasional
48269,core
48272,prolific
48277,collaborator
48300,occasional
48301,occasional
48310,prolific
48312,collaborator
48322,prolific
48333,occasional
48350,occasional
48351,core
48352,core
48353,occasional
48358,core
48360,occasional
48361,collaborator
48362,core
48363,collaborator
48423,core
48424,collaborator
48435,collaborator
48436,occasional
48439,core
48442,core
48443,occasional
48444,occasional
48446,collaborator
48448,occasional
48454,collaborator
48466,occasional
48471,occasional
48487,core
48488,prolific
48498,core
48507,occasional
4851,prolific
48527,prolific
48536,prolific
48537,prolific
48540,collaborator
48541,collaborator
48542,prolific
48546,collaborator
48548,prolific
48549,prolific
48550,occasional
48561,occasional
48567,collaborator
48569,prolific
48570,collaborator
48575,collaborator
48576,occasional
48577,core
48625,prolific
48634,occasional
48640,collaborator
48642,collaborator
48643,occasional
48645,core
48648,core
48649,prolific
48657,collaborator
48659,collaborator
48660,core
48662,occasional
48666,prolific
48669,core
48686,core
48688,occasional
48691,collaborator
4870,core
48703,prolific
48707,collaborator
4871,prolific
48712,core
4874,collaborator
48745,prolific
48747,prolific
48773,occasional
48790,prolific
48793,prolific
48795,occasional
4880,prolific
48802,collaborator
4881,core
4882,collaborator
48863,core
48868,collaborator
48869,prolific
48870,collaborator
48871,prolific
48874,core
48876,collaborator
48878,occasional
48879,prolific
48880,prolific
48906,occasional
4891,collaborator
4892,collaborator
4893,core
48931,collaborator
48934,collaborator
48935,core
48951,collaborator
48952,collaborator
48954,collaborator
48956,occasional
48957,core
48958,prolific
48969,core
48970,core
48971,collaborator
49009,occasional
49011,occasional
49019,occasional
49020,prolific
49021,prolific
49024,core
4903,collaborator
49033,occasional
49034,occasional
4904,occasional
4905,occasional
4906,prolific
4907,prolific
4908,prolific
4910,core
4911,collaborator
49118,collaborator
49130,prolific
49138,collaborator
49141,occasional
49147,occasional
49148,occasional
49151,prolific
49159,core
49163,occasional
49164,prolific
4917,collaborator
49184,core
49197,prolific
49199,occasional
492,prolific
49200,occasional
49236,collaborator
49241,collaborator
49242,occasional
49246,prolific
49247,collaborator
49248,core
49251,collaborator
49258,occasional
49270,prolific
49271,collaborator
49272,core
49292,prolific
49294,prolific
49296,core
49297,prolific
4930,prolific
49305,core
49307,prolific
49308,core
49319,prolific
4932,occasional
49321,occasional
49344,core
49348,prolific
49349,prolific
49352,core
49359,core
49360,occasional
49361,occasional
49364,occasional
49365,collaborator
49387,occasional
49391,core
494,core
49421,prolific
49422,core
49424,collaborator
49458,collaborator
49459,collaborator
49460,core
49462,occasional
49466,core
49468,core
49486,occasional
49487,core
49495,prolific
49508,core
49525,prolific
49539,collaborator
49540,core
49541,prolific
49551,prolific
49565,collaborator
49567,prolific
49569,core
49586,occasional
4959,occasional
496,core
49605,core
49613,collaborator
49626,collaborator
49628,prolific
49630,core
49632,collaborator
49633,occasional
49638,core
49641,prolific
49648,collaborator
49650,occasional
49661,collaborator
49665,core
49669,prolific
49674,prolific
49675,prolific
49676,core
49684,prolific
49686,occasional
49687,core
49689,occasional
49691,core
497,core
49700,core
49701,collaborator
49702,core
4971,collaborator
49737,prolific
49738,core
49740,collaborator
49741,core
49742,collaborator
49744,prolific
49747,occasional
49749,core
49751,collaborator
49770,prolific
49799,collaborator
498,collaborator
49807,prolific
4984,core
4985,occasional
49934,prolific
49939,collaborator
49941,prolific
49944,collaborator
4995,prolific
4996,occasional
49962,collaborator
49963,collaborator
49964,prolific
49970,collaborator
49973,collaborator
49974,prolific
49976,prolific
49989,occasional
49990,prolific
49991,core
49992,occasional
49997,prolific
49998,prolific
50003,prolific
50004,occasional
50008,collaborator
50009,core
50010,occasional
50011,collaborator
50036,collaborator
50037,occasional
50039,prolific
5004,prolific
50042,collaborator
50043,prolific
50077,prolific
50082,core
50096,collaborator
50097,prolific
50098,collaborator
501,occasional
50102,prolific
50105,core
50122,core
50124,collaborator
50125,occasional
50148,collaborator
50163,occasional
50174,prolific
50181,prolific
50183,occasional
50188,core
5019,prolific
50220,core
50223,prolific
50226,core
50228,collaborator
50244,occasional
50245,occasional
50247,prolific
50251,prolific
50264,core
50266,collaborator
50267,prolific
50268,prolific
50269,collaborator
50278,occasional
50280,collaborator
50282,core
50283,occasional
50284,occasional
50285,occasional
50286,occasional
50288,occasional
50289,collaborator
50292,prolific
50295,prolific
503,prolific
50310,occasional
50312,occasional
50316,prolific
50319,core
5034,collaborator
50340,core
50353,occasional
50370,occasional
50371,prolific
50385,occasional
50387,core
50399,collaborator
50427,collaborator
50428,prolific
50448,collaborator
50449,collaborator
50460,collaborator
50462,prolific
50463,core
50470,core
50475,prolific
50477,collaborator
50478,prolific
50479,occasional
50483,occasional
50484,collaborator
5050,occasional
50505,core
5051,collaborator
50515,collaborator
50516,collaborator
5052,prolific
50537,prolific
50538,core
50544,collaborator
50545,collaborator
50579,collaborator
50586,occasional
50588,core
50592,collaborator
506,collaborator
5060,prolific
50608,core
50619,occasional
50627,collaborator
5063,prolific
50632,core
50633,occasional
50634,occasional
50636,collaborator
50637,occasional
50640,occasional
50641,occasional
50642,collaborator
50643,core
5066,occasional
5067,collaborator
50670,prolific
50671,collaborator
50675,occasional
50676,prolific
50686,prolific
50687,occasional
50689,occasional
50691,core
507,prolific
50730,occasional
50746,core
50757,collaborator
50760,collaborator
508,collaborator
50808,prolific
50809,prolific
50814,prolific
50815,core
50820,occasional
5088,core
5089,collaborator
50897,collaborator
50911,occasional
50918,collaborator
50920,core
50922,collaborator
50934,prolific
50938,occasional
50940,core
50941,prolific
50945,occasional
50946,collaborator
50983,occasional
50987,collaborator
5099,prolific
50991,prolific
50992,occasional
5101,occasional
51015,core
51016,prolific
5102,occasional
51027,collaborator
51028,collaborator
51062,occasional
51063,core
51064,occasional
51066,core
51068,prolific
5107,core
51070,occasional
51071,core
51087,collaborator
51090,prolific
51099,collaborator
51100,occasional
51101,occasional
51121,core
51124,occasional
51125,occasional
51137,occasional
51142,core
51143,prolific
51144,occasional
51145,prolific
51146,core
51157,occasional
51159,prolific
51192,occasional
51193,prolific
51196,prolific
51206,core
51211,collaborator
51215,occasional
51229,occasional
51233,core
51236,collaborator
51254,core
51255,prolific
51257,prolific
51262,collaborator
51263,occasional
51265,occasional
5127,core
5130,occasional
51306,prolific
51307,core
5131,core
51318,occasional
5134,occasional
51358,prolific
51359,core
51360,prolific
51363,prolific
51377,occasional
51378,prolific
51406,prolific
51407,core
51425,prolific
5143,collaborator
51437,prolific
51439,prolific
5145,occasional
51459,core
51474,occasional
51489,prolific
5149,prolific
51494,core
51495,core
51496,prolific
51504,core
51506,occasional
51507,collaborator
51517,collaborator
5152,core
51539,core
51543,collaborator
51545,collaborator
51546,occasional
51547,occasional
51548,prolific
51549,prolific
51554,occasional
51556,collaborator
51559,occasional
5157,core
51587,core
51588,prolific
51593,prolific
51594,core
51603,collaborator
51604,core
51631,occasional
51638,core
51659,prolific
5166,prolific
51660,occasional
51662,occasional
51668,core
5167,collaborator
5168,prolific
51680,core
51684,occasional
51690,core
51697,collaborator
51699,prolific
517,prolific
51700,collaborator
51701,core
51704,prolific
51707,occasional
51709,collaborator
51713,occasional
51722,prolific
51728,collaborator
51729,prolific
51730,core
51751,occasional
51756,collaborator
51769,prolific
51778,prolific
51779,core
51791,occasional
518,collaborator
5180,core
5181,occasional
51825,collaborator
5184,prolific
51847,prolific
5185,occasional
51852,prolific
51866,core
5187,collaborator
51876,collaborator
51877,core
51878,prolific
51897,collaborator
51933,core
51934,prolific
51951,occasional
51956,occasional
51962,prolific
51963,occasional
51964,occasional
51968,core
51969,prolific
51977,prolific
51978,prolific
51979,prolific
51980,occasional
51982,collaborator
51983,occasional
51984,occasional
51985,collaborator
51986,collaborator
52028,occasional
52037,prolific
52041,occasional
52043,core
52046,core
5206,occasional
52064,prolific
52068,core
52084,collaborator
52086,prolific
5209,prolific
52092,prolific
52100,prolific
5212,occasional
52128,occasional
52129,core
52130,collaborator
52131,collaborator
52132,prolific
52133,occasional
52136,occasional
52137,core
52138,prolific
52139,occasional
52140,collaborator
52143,occasional
5216,collaborator
52162,occasional
52171,core
52176,core
52177,occasional
52192,collaborator
52195,collaborator
52196,core
52197,prolific
52199,collaborator
52202,collaborator
52204,occasional
52207,occasional
52208,prolific
52211,collaborator
52217,occasional
52219,prolific
52224,prolific
52225,prolific
52228,core
52229,prolific
5223,occasional
52231,collaborator
52252,occasional
52254,occasional
52256,occasional
5228,prolific
5229,occasional
52290,collaborator
52291,collaborator
52292,occasional
52297,prolific
52314,core
52320,prolific
52321,occasional
52322,collaborator
5233,core
5234,occasional
5235,occasional
52351,occasional
52355,occasional
52357,collaborator
52359,core
52360,collaborator
52361,collaborator
52366,core
5237,occasional
52370,core
52371,prolific
52398,collaborator
52412,collaborator
52480,occasional
52481,core
52482,prolific
52493,core
52495,occasional
52497,collaborator
52498,collaborator
52517,occasional
52518,prolific
52520,collaborator
52526,collaborator
52527,occasional
5253,collaborator
52530,prolific
52545,collaborator
52547,prolific
52564,core
52589,core
52591,collaborator
52598,occasional
52601,occasional
52602,collaborator
52603,occasional
52604,collaborator
52607,collaborator
52613,occasional
52682,core
52683,prolific
52693,collaborator
52699,collaborator
52700,occasional
52703,core
52705,core
52706,core
52707,occasional
52708,occasional
5272,occasional
52726,core
5273,occasional
52735,prolific
52743,core
52744,core
5275,occasional
52762,occasional
52768,core
52769,prolific
52770,occasional
52781,core
52785,prolific
52786,occasional
52817,occasional
5283,occasional
5284,core
52856,core
52858,collaborator
5286,prolific
52870,core
529,collaborator
52907,prolific
52909,occasional
5291,prolific
52947,collaborator
52948,collaborator
52949,occasional
52951,collaborator
52956,prolific
52967,core
52968,prolific
52970,core
52971,occasional
52975,occasional
52976,collaborator
52978,prolific
52979,prolific
52982,prolific
52983,occasional
52984,prolific
52987,occasional
52993,prolific
530,prolific
53034,core
53054,collaborator
53056,collaborator
53058,prolific
53073,core
53076,collaborator
53079,prolific
53082,prolific
53084,prolific
53091,prolific
53097,collaborator
53098,prolific
53110,occasional
53213,occasional
53214,prolific
53215,collaborator
53219,collaborator
53232,collaborator
53238,prolific
53239,occasional
53243,prolific
53245,collaborator
53246,core
53248,collaborator
53280,prolific
53342,collaborator
53347,core
5335,prolific
53358,prolific
53359,occasional
5336,occasional
53360,collaborator
53365,prolific
53367,collaborator
53369,prolific
53371,prolific
53375,occasional
53376,occasional
53404,collaborator
53405,occasional
53406,collaborator
53420,occasional
53423,occasional
53425,core
53427,core
53455,prolific
53457,collaborator
53473,prolific
53481,collaborator
53483,collaborator
53486,collaborator
53488,prolific
53489,core
535,collaborator
53501,prolific
53502,occasional
53530,occasional
53531,core
53533,collaborator
53534,collaborator
53568,prolific
53569,core
53571,occasional
53572,core
53573,prolific
53574,core
53577,prolific
53578,core
53580,core
53586,occasional
53588,collaborator
53591,collaborator
53594,prolific
53599,collaborator
53606,collaborator
53607,collaborator
53608,occasional
53609,collaborator
53611,core
53617,prolific
53618,prolific
53620,core
53628,collaborator
53629,core
53636,collaborator
53637,prolific
53641,core
53644,collaborator
53651,collaborator
53652,collaborator
53657,occasional
53661,occasional
53662,core
53681,core
53682,prolific
53684,core
53703,collaborator
53709,occasional
53710,core
53719,occasional
53738,core
53759,occasional
53761,collaborator
53784,core
53786,collaborator
5379,occasional
53795,prolific
53802,core
53803,occasional
53806,core
53807,occasional
53808,collaborator
53820,occasional
53821,core
53822,prolific
53829,occasional
53830,prolific
53831,occasional
53838,collaborator
5388,prolific
5389,occasional
53890,prolific
53891,prolific
53896,prolific
53902,collaborator
5391,prolific
53911,prolific
53912,prolific
53913,occasional
53914,core
53915,collaborator
53916,occasional
53929,core
53940,prolific
53941,occasional
53942,occasional
53943,collaborator
53944,collaborator
53950,core
53955,occasional
53956,prolific
5399,core
53998,occasional
54003,prolific
54004,collaborator
54011,collaborator
54012,core
54013,collaborator
54014,collaborator
54015,prolific
54017,prolific
54018,prolific
54020,occasional
54021,core
54024,prolific
54025,collaborator
54026,collaborator
54028,prolific
54029,collaborator
54030,collaborator
54031,occasional
54055,collaborator
54058,collaborator
54059,collaborator
54060,prolific
54061,occasional
54064,occasional
54066,prolific
54067,collaborator
5409,prolific
54090,occasional
54099,prolific
54100,prolific
54101,collaborator
54102,prolific
54103,prolific
54110,prolific
5412,prolific
54131,occasional
5414,prolific
54140,occasional
54148,occasional
5415,occasional
54157,core
54170,occasional
54172,core
54173,occasional
54174,prolific
54179,collaborator
54180,occasional
54181,prolific
54182,core
54183,collaborator
54184,collaborator
54189,prolific
54190,prolific
54192,prolific
54196,core
54198,prolific
542,occasional
5420,occasional
54206,prolific
54207,collaborator
54208,collaborator
54209,occasional
5421,prolific
54212,core
54225,core
54239,collaborator
5424,collaborator
54241,prolific
54243,occasional
54244,occasional
54245,core
54247,occasional
54258,occasional
54260,collaborator
54261,prolific
54262,occasional
5427,core
54288,core
54289,core
5429,prolific
543,prolific
54350,prolific
54351,occasional
54352,prolific
54355,core
54360,occasional
54361,collaborator
54364,core
54365,prolific
54392,occasional
54395,collaborator
54399,collaborator
5440,prolific
54401,collaborator
54402,core
54410,occasional
54411,collaborator
54414,prolific
54415,prolific
54416,prolific
54423,core
54424,collaborator
54425,core
54429,prolific
54430,prolific
54432,occasional
54439,collaborator
5444,collaborator
54440,prolific
54441,occasional
54443,collaborator
54448,occasional
54449,prolific
54450,prolific
54451,collaborator
54454,prolific
54455,prolific
54458,core
54459,collaborator
54460,core
54461,occasional
54477,occasional
54526,occasional
54527,occasional
5453,core
5454,core
54541,prolific
54542,core
54545,occasional
54546,core
54548,prolific
54549,occasional
54550,prolific
54551,prolific
54552,core
54555,core
54558,core
54559,core
54560,collaborator
54574,core
54575,occasional
54576,collaborator
54582,core
54583,occasional
54589,prolific
5459,occasional
54591,occasional
54592,collaborator
54599,prolific
54608,core
54611,collaborator
54614,prolific
5462,occasional
54629,occasional
54630,core
54681,occasional
54746,prolific
54750,core
54752,occasional
5476,core
54771,core
54774,collaborator
54795,prolific
54796,occasional
54799,collaborator
5480,prolific
5481,collaborator
54856,prolific
54859,occasional
54860,collaborator
54885,prolific
54887,collaborator
54901,collaborator
54904,collaborator
54906,collaborator
54946,prolific
54947,collaborator
54949,core
54951,core
54952,core
54965,collaborator
54970,prolific
54972,core
54973,prolific
54975,prolific
55000,collaborator
55010,collaborator
55011,collaborator
55035,prolific
55038,collaborator
55040,occasional
55043,prolific
55045,collaborator
55047,collaborator
55050,prolific
55051,core
55052,collaborator
55054,occasional
55056,core
55057,occasional
55058,core
55064,occasional
55066,collaborator
55085,occasional
55087,core
55088,occasional
5509,occasional
55090,occasional
55094,collaborator
55095,collaborator
55096,occasional
55098,core
5510,core
5512,collaborator
5513,core
5514,collaborator
5515,collaborator
55155,core
5516,occasional
55167,prolific
55168,prolific
55169,occasional
55177,collaborator
55179,collaborator
55180,core
55182,prolific
55183,occasional
5519,prolific
55195,core
55198,occasional
55199,core
55200,core
55206,occasional
55211,occasional
55213,occasional
5523,core
55233,prolific
5524,prolific
55245,prolific
55247,core
55249,occasional
5527,prolific
55292,collaborator
55298,core
5530,occasional
55306,occasional
55316,core
5532,prolific
55325,prolific
55328,core
55331,collaborator
55332,collaborator
55340,collaborator
55343,core
55345,collaborator
55356,collaborator
55358,collaborator
55369,occasional
55370,core
55371,core
55375,collaborator
55378,prolific
55379,prolific
55383,occasional
55384,collaborator
5539,occasional
55404,collaborator
55406,collaborator
55407,collaborator
55408,collaborator
55409,prolific
5541,core
55412,collaborator
55413,core
5542,occasional
55424,collaborator
55425,prolific
55462,occasional
5547,prolific
5548,prolific
5549,prolific
55494,core
55495,core
55497,prolific
55498,core
555,occasional
55500,core
55506,collaborator
55507,occasional
55508,core
55509,occasional
55511,collaborator
55515,collaborator
55519,core
55528,core
55539,prolific
55540,collaborator
55541,core
55542,occasional
5555,core
55552,core
55554,occasional
55555,occasional
55556,occasional
55559,occasional
5556,collaborator
55560,core
55565,prolific
5558,occasional
55583,occasional
5559,prolific
5560,collaborator
55602,prolific
55603,prolific
55604,core
55605,occasional
55606,occasional
55607,collaborator
55628,collaborator
5563,collaborator
55632,collaborator
55640,collaborator
55643,collaborator
55644,core
55675,core
55676,occasional
55678,prolific
55679,core
55683,collaborator
55689,collaborator
55690,prolific
55697,collaborator
55713,prolific
55714,prolific
55715,occasional
55719,prolific
55723,collaborator
55725,prolific
55728,occasional
55729,prolific
55755,collaborator
5578,core
5579,occasional
55799,core
5580,collaborator
55805,collaborator
55807,core
55819,collaborator
55821,core
55822,collaborator
55823,collaborator
55837,occasional
55844,prolific
55849,core
55850,occasional
55852,occasional
55853,prolific
55854,collaborator
55857,occasional
55859,occasional
55860,collaborator
55864,occasional
55876,prolific
55877,occasional
55886,core
55888,prolific
55901,prolific
55903,prolific
55906,collaborator
55913,prolific
55915,prolific
55959,occasional
55960,occasional
55961,core
55962,prolific
5597,prolific
55974,core
55977,prolific
55978,occasional
5599,core
55999,collaborator
560,core
5600,collaborator
56002,occasional
56006,core
5601,core
56010,prolific
56011,collaborator
56014,prolific
56031,prolific
56038,occasional
56039,occasional
56042,core
56048,collaborator
56051,occasional
56053,collaborator
56054,collaborator
56055,collaborator
56058,core
56062,collaborator
56073,prolific
561,collaborator
56117,core
56119,prolific
56125,collaborator
56168,collaborator
56169,prolific
56170,collaborator
56171,core
56173,collaborator
56174,collaborator
56179,collaborator
56180,occasional
56184,collaborator
56187,prolific
56194,core
56195,occasional
56197,prolific
56198,occasional
56202,occasional
56205,occasional
56206,occasional
56210,prolific
56214,collaborator
56215,prolific
56216,core
56217,core
56221,prolific
56223,prolific
56224,collaborator
56225,core
56230,core
56235,occasional
56237,collaborator
56238,collaborator
56241,occasional
56247,collaborator
56266,collaborator
56290,occasional
56292,collaborator
56302,occasional
56310,occasional
56337,collaborator
56361,collaborator
56366,prolific
5638,core
56381,collaborator
56387,prolific
56389,collaborator
5639,occasional
56391,core
56398,collaborator
56399,collaborator
56402,occasional
56404,collaborator
56407,prolific
56411,prolific
56412,core
56413,core
56437,prolific
56448,core
56494,occasional
56525,collaborator
56532,occasional
56540,prolific
56558,core
56559,occasional
56589,collaborator
566,core
56607,prolific
56608,prolific
56612,core
56614,occasional
5665,prolific
5666,core
56664,occasional
56669,occasional
5667,collaborator
56671,occasional
5668,prolific
56689,collaborator
56694,core
56695,core
56713,prolific
56714,collaborator
56718,occasional
56722,occasional
56723,occasional
56733,core
5674,core
56742,prolific
56746,prolific
56747,prolific
56758,prolific
56768,occasional
56769,prolific
5677,prolific
56774,core
56795,core
56796,core
56799,occasional
568,collaborator
56822,occasional
56829,collaborator
56832,occasional
56835,prolific
56837,core
56840,occasional
56848,occasional
56849,occasional
56855,core
56857,core
56860,core
56861,core
56862,core
56877,collaborator
56878,prolific
56879,occasional
56894,occasional
56895,core
569,prolific
56913,occasional
56914,occasional
56916,core
56919,occasional
56920,occasional
56925,core
56933,collaborator
56938,collaborator
56944,core
56945,prolific
56952,core
56954,prolific
56955,occasional
56956,core
56957,occasional
56967,prolific
56969,prolific
56970,prolific
56971,prolific
56975,collaborator
56985,prolific
56992,occasional
56993,core
57,prolific
57000,occasional
57001,prolific
57006,collaborator
57011,collaborator
57013,prolific
57014,occasional
57015,prolific
57016,collaborator
57035,occasional
57050,core
57091,prolific
57096,prolific
5710,collaborator
57150,prolific
57156,prolific
57158,core
57163,core
57178,occasional
57180,prolific
57181,occasional
57186,collaborator
57187,occasional
57189,collaborator
57190,prolific
57192,occasional
57197,prolific
572,prolific
57201,occasional
57202,prolific
57203,collaborator
57217,collaborator
57218,prolific
57219,core
57220,core
57250,collaborator
57262,prolific
57263,prolific
57276,collaborator
57295,occasional
573,core
57307,collaborator
5732,core
57331,core
5734,occasional
5735,prolific
5736,collaborator
57366,prolific
57368,prolific
57369,occasional
57372,collaborator
57375,occasional
57398,core
57405,prolific
57406,core
57410,prolific
57412,collaborator
57419,occasional
57421,core
57422,collaborator
57429,collaborator
57434,prolific
57446,core
57447,occasional
57448,collaborator
5745,collaborator
57451,collaborator
57459,collaborator
5746,occasional
57461,collaborator
57463,collaborator
57465,core
57467,prolific
57470,collaborator
57474,core
57475,occasional
57477,occasional
57495,occasional
57507,collaborator
57508,occasional
57511,collaborator
57514,occasional
57537,occasional
57559,prolific
57560,prolific
57618,prolific
57624,occasional
57629,prolific
57630,prolific
57644,collaborator
57645,prolific
57647,prolific
57649,core
57650,collaborator
57660,prolific
57666,collaborator
57668,collaborator
57681,core
577,occasional
57772,prolific
57773,core
57776,collaborator
57793,prolific
57798,collaborator
57800,occasional
57801,prolific
57807,core
57809,occasional
57814,occasional
57819,occasional
5783,occasional
57830,core
57834,collaborator
57835,core
57861,occasional
57866,core
57875,prolific
57894,occasional
57901,collaborator
57915,core
57916,prolific
57943,core
57944,prolific
57946,prolific
57951,core
57953,occasional
57961,occasional
57964,collaborator
57974,occasional
57982,collaborator
57984,occasional
57988,prolific
57989,prolific
5799,prolific
57990,collaborator
57991,occasional
57993,collaborator
5800,prolific
5801,core
58014,core
5802,prolific
58023,core
58040,core
58050,core
58051,occasional
58053,collaborator
58059,collaborator
58060,collaborator
58062,collaborator
58068,collaborator
58069,core
5807,occasional
58079,core
58080,prolific
58099,core
58109,core
5811,occasional
58111,occasional
5812,occasional
5813,occasional
58132,occasional
58134,collaborator
58136,prolific
58138,collaborator
58139,core
58141,prolific
58143,prolific
58145,collaborator
58147,occasional
58151,prolific
58152,occasional
58153,core
58155,collaborator
58157,prolific
58159,occasional
58160,collaborator
58161,collaborator
58162,prolific
58163,core
58164,prolific
58166,occasional
58169,core
58170,prolific
58172,core
58182,core
58183,core
58184,prolific
58187,core
58189,collaborator
58190,core
58191,core
58198,core
58199,prolific
58200,occasional
58201,prolific
58203,core
58204,prolific
58216,core
58217,collaborator
58233,collaborator
5824,occasional
58243,collaborator
58245,collaborator
58246,prolific
58254,core
58278,collaborator
58341,prolific
58364,collaborator
58365,occasional
58366,collaborator
58381,collaborator
58382,occasional
58385,core
58389,core
58390,core
58395,prolific
58397,prolific
58401,core
58403,prolific
58411,collaborator
58413,collaborator
58419,core
58435,occasional
58436,collaborator
58455,collaborator
58458,prolific
58484,occasional
58486,occasional
58488,occasional
58490,core
58491,core
58494,prolific
58498,collaborator
5852,prolific
58532,collaborator
5854,collaborator
58594,occasional
58601,collaborator
58605,occasional
58633,core
58635,prolific
58645,core
58646,occasional
58647,core
58648,core
58649,prolific
58650,occasional
58651,collaborator
58653,prolific
58654,prolific
58655,collaborator
58656,occasional
5866,collaborator
58666,prolific
58667,occasional
5867,occasional
5868,occasional
58682,occasional
58700,core
58703,occasional
58706,core
58707,occasional
5871,core
58712,prolific
58719,occasional
5872,occasional
58725,prolific
58726,occasional
5873,prolific
5874,core
58749,core
58750,collaborator
58751,core
58752,prolific
5876,collaborator
58764,prolific
58765,core
58766,core
58768,core
58773,prolific
58776,occasional
58787,collaborator
5883,prolific
58831,core
58838,occasional
58844,collaborator
5885,prolific
58850,core
58857,collaborator
58865,core
58872,occasional
58873,collaborator
58875,collaborator
58877,prolific
58879,core
58887,collaborator
58919,occasional
58920,collaborator
58924,core
58926,core
58930,occasional
58931,collaborator
58934,core
58935,prolific
58950,core
58955,collaborator
58973,prolific
58974,collaborator
58975,occasional
5898,collaborator
58980,prolific
58984,occasional
58985,core
5899,collaborator
5900,collaborator
59019,collaborator
59032,prolific
5904,occasional
59040,prolific
59041,collaborator
59046,prolific
5905,occasional
59052,core
59053,occasional
59058,occasional
59069,occasional
59080,prolific
59081,collaborator
59092,occasional
59094,prolific
59097,core
59103,occasional
59104,core
59111,occasional
59112,collaborator
59117,collaborator
5912,core
59151,core
59157,core
59166,collaborator
59167,occasional
59168,core
59173,collaborator
59176,prolific
59177,collaborator
59180,prolific
59182,occasional
59183,prolific
59186,prolific
59189,prolific
59195,prolific
59196,core
59200,core
59214,occasional
59216,collaborator
59217,core
59220,occasional
59223,collaborator
59224,collaborator
59237,core
59276,occasional
59277,occasional
59278,core
59292,core
59295,collaborator
59298,core
59326,occasional
59334,collaborator
59345,core
59348,core
59362,collaborator
59367,occasional
59371,prolific
59376,occasional
59377,collaborator
59379,occasional
59380,core
59381,collaborator
59398,collaborator
59432,prolific
59433,core
59444,core
59446,collaborator
59448,prolific
59459,prolific
59461,collaborator
59465,prolific
59467,occasional
59468,collaborator
59489,core
59491,occasional
59498,occasional
59501,collaborator
59503,prolific
59504,core
59505,collaborator
59506,collaborator
59507,collaborator
59508,prolific
59510,occasional
59517,core
59518,occasional
59519,core
59528,collaborator
59530,prolific
59532,collaborator
59535,collaborator
59537,prolific
59538,core
59545,core
59547,core
59548,occasional
59549,core
59550,collaborator
59551,prolific
59553,prolific
59554,core
59555,collaborator
59556,core
59562,collaborator
59569,core
59570,occasional
59578,core
59579,core
59587,occasional
59589,core
5959,collaborator
59594,core
59595,core
59596,core
59605,occasional
59624,occasional
59625,prolific
59626,occasional
59627,occasional
59628,collaborator
5964,occasional
59647,prolific
5966,prolific
59666,occasional
59667,occasional
59672,collaborator
59674,occasional
59677,prolific
59681,collaborator
59688,collaborator
59689,prolific
5969,collaborator
59693,occasional
59695,prolific
59697,collaborator
59699,prolific
59700,core
59716,occasional
59717,prolific
59719,collaborator
59720,core
59733,occasional
59743,occasional
59747,collaborator
59749,occasional
59753,collaborator
59755,prolific
59760,collaborator
59767,occasional
5978,occasional
5979,occasional
59793,occasional
59795,occasional
598,occasional
5980,occasional
59801,occasional
59802,prolific
59806,prolific
59807,prolific
5981,occasional
59810,collaborator
59812,collaborator
5982,collaborator
59821,collaborator
59822,collaborator
59827,collaborator
59830,prolific
59833,occasional
59843,occasional
59850,prolific
59851,prolific
59861,collaborator
59863,occasional
59864,collaborator
59881,occasional
59889,core
599,occasional
59915,prolific
59925,occasional
59946,core
59980,collaborator
59984,collaborator
59998,prolific
6000,collaborator
60010,occasional
6002,occasional
6003,collaborator
6004,occasional
60043,core
60056,collaborator
60059,occasional
60075,collaborator
60076,prolific
60077,collaborator
60078,occasional
60088,collaborator
60102,collaborator
60104,occasional
60107,prolific
60108,occasional
60115,collaborator
60116,collaborator
60117,occasional
60157,prolific
60164,core
6017,core
60174,core
60187,core
60198,core
602,core
6021,core
60211,prolific
60212,core
60215,prolific
60219,prolific
60220,collaborator
60224,collaborator
60232,collaborator
60234,prolific
60251,core
6026,prolific
60271,prolific
60274,occasional
60276,occasional
60279,prolific
60285,collaborator
60288,prolific
603,prolific
60308,core
60309,collaborator
60310,collaborator
60312,collaborator
60313,occasional
60314,core
60329,occasional
60332,collaborator
60337,occasional
60341,prolific
60376,collaborator
60388,core
60389,collaborator
60390,occasional
604,core
60422,core
60423,collaborator
60424,occasional
60425,occasional
60426,occasional
60427,occasional
60471,collaborator
60472,core
60473,prolific
60476,occasional
60479,collaborator
60491,occasional
60495,core
60499,occasional
60501,prolific
60520,prolific
60525,core
60559,prolific
60560,core
60569,collaborator
60575,collaborator
60576,prolific
60579,occasional
6058,collaborator
60580,core
60581,collaborator
6059,prolific
60598,prolific
6060,core
60600,prolific
60601,occasional
60603,core
60605,occasional
6061,collaborator
60611,prolific
60612,prolific
60618,collaborator
6063,prolific
60637,core
6064,occasional
60640,prolific
60642,collaborator
60650,core
60651,collaborator
60673,prolific
60674,prolific
60675,occasional
60676,occasional
60677,prolific
60678,core
6068,prolific
60690,occasional
60691,core
60692,prolific
60694,core
60695,collaborator
60696,core
60697,core
60699,prolific
60701,occasional
60702,collaborator
60708,occasional
60712,occasional
60714,occasional
60716,core
60717,prolific
60723,occasional
6074,prolific
60750,prolific
60754,occasional
60755,occasional
60756,prolific
60760,collaborator
60761,prolific
60766,prolific
6078,collaborator
60790,occasional
60802,prolific
60805,prolific
60808,core
60809,occasional
60810,core
60812,prolific
60813,core
60814,core
60815,collaborator
60817,core
60818,collaborator
60819,core
6082,collaborator
60820,prolific
60824,core
6083,collaborator
60957,collaborator
60958,core
60962,core
60963,core
60975,core
60978,prolific
60979,core
60980,collaborator
61009,occasional
61077,prolific
61078,core
61080,core
61115,core
61116,collaborator
61117,collaborator
61119,core
61157,collaborator
61175,core
61176,core
61180,core
61193,occasional
61195,collaborator
61196,collaborator
61290,core
61294,core
61308,occasional
61311,prolific
61312,collaborator
61315,occasional
61326,collaborator
61340,occasional
61342,collaborator
61343,occasional
61345,prolific
61358,core
61359,occasional
6137,collaborator
61375,core
61381,core
61384,collaborator
61393,collaborator
61394,prolific
61395,collaborator
6140,collaborator
6142,core
61429,core
61430,collaborator
61431,collaborator
61434,prolific
61435,collaborator
61438,collaborator
61439,occasional
61440,prolific
61449,occasional
6145,prolific
61452,collaborator
61461,occasional
61462,prolific
61472,prolific
61476,collaborator
61479,core
61482,prolific
61493,prolific
61494,collaborator
61497,core
61498,core
61502,core
61503,occasional
61505,prolific
61571,core
61574,occasional
61580,core
61581,occasional
61582,core
61583,core
61584,prolific
61585,prolific
61590,core
61593,prolific
61597,prolific
61620,occasional
61624,prolific
61628,occasional
61629,prolific
61632,occasional
6165,prolific
61651,occasional
61659,prolific
61663,collaborator
61664,collaborator
61667,collaborator
61669,core
6167,prolific
61686,occasional
6170,occasional
61700,occasional
61701,prolific
61703,occasional
6171,occasional
6173,occasional
61744,occasional
61750,collaborator
6177,collaborator
61786,occasional
61789,occasional
61790,core
61792,collaborator
61795,prolific
61802,occasional
61803,collaborator
61805,occasional
61806,prolific
61807,core
61811,occasional
61812,collaborator
61814,collaborator
61827,collaborator
61829,collaborator
61846,core
61856,core
61859,occasional
61861,occasional
61862,collaborator
61872,prolific
61892,prolific
61893,collaborator
61894,core
61896,occasional
61897,occasional
61898,collaborator
61929,prolific
61974,prolific
62002,collaborator
62004,collaborator
62011,occasional
62013,occasional
62016,occasional
62017,occasional
62018,collaborator
62019,occasional
62020,core
62040,prolific
62045,core
62046,core
62049,prolific
62058,occasional
62059,prolific
62063,collaborator
62065,collaborator
62067,occasional
62073,collaborator
62076,occasional
62077,occasional
62078,core
62084,prolific
62097,collaborator
62098,prolific
62102,prolific
62104,occasional
62116,core
62117,collaborator
62119,prolific
62130,prolific
62179,prolific
62181,collaborator
62185,prolific
62198,occasional
62199,core
62200,core
62201,occasional
62202,prolific
62210,occasional
62219,collaborator
62220,collaborator
62221,prolific
62225,collaborator
62226,prolific
62227,occasional
62238,prolific
62242,prolific
62257,prolific
62262,collaborator
62282,collaborator
62283,prolific
6229,collaborator
62295,collaborator
62296,collaborator
62297,occasional
62298,occasional
62299,core
623,prolific
62300,core
62303,occasional
62305,collaborator
62311,prolific
62346,core
62348,occasional
62349,occasional
62358,prolific
62359,core
62362,occasional
62398,occasional
624,collaborator
62404,prolific
62405,collaborator
62406,prolific
62418,core
62419,occasional
62420,collaborator
62425,collaborator
62426,core
62430,prolific
62431,prolific
62446,occasional
62450,collaborator
62454,prolific
62459,prolific
62470,occasional
62471,prolific
62480,collaborator
62481,collaborator
62482,core
62483,prolific
62485,core
62486,collaborator
62496,prolific
62501,collaborator
62515,occasional
62539,occasional
62540,core
62558,prolific
6256,prolific
62560,collaborator
62561,collaborator
62562,prolific
62564,core
62568,core
62569,occasional
62572,core
62573,prolific
62586,occasional
62588,collaborator
62589,occasional
62590,occasional
62595,collaborator
62596,occasional
62599,prolific
62604,core
62605,prolific
62610,occasional
62637,prolific
62638,collaborator
62639,occasional
62642,prolific
62650,collaborator
62652,collaborator
62653,prolific
62659,core
62660,core
62679,core
62680,prolific
62683,occasional
62695,prolific
62698,collaborator
6270,prolific
62700,occasional
62702,core
62704,occasional
62705,prolific
62706,occasional
62707,collaborator
62708,prolific
62709,core
62710,prolific
62711,prolific
62715,core
62716,core
62821,collaborator
62825,occasional
62832,core
62834,core
62842,collaborator
62843,collaborator
62844,core
62845,collaborator
62846,collaborator
62849,core
62850,prolific
62853,prolific
62854,prolific
62855,core
62858,occasional
62859,prolific
62864,core
62873,occasional
62878,occasional
6288,core
6291,occasional
6293,occasional
6294,collaborator
62940,core
62941,collaborator
62942,occasional
62946,collaborator
62948,core
62949,prolific
6295,collaborator
62959,collaborator
62967,core
62968,core
63005,core
63013,collaborator
63015,occasional
63019,core
63022,core
63056,collaborator
63057,collaborator
63069,collaborator
63071,collaborator
63072,prolific
63073,prolific
63076,occasional
63105,occasional
63109,core
63113,prolific
63115,occasional
63116,core
63117,occasional
63119,core
63121,core
63123,collaborator
63140,core
63141,collaborator
63142,collaborator
63158,occasional
63170,core
63171,prolific
63172,core
63173,prolific
63174,collaborator
63176,occasional
63177,collaborator
63179,collaborator
63225,core
63236,prolific
63238,prolific
63240,prolific
63243,occasional
63244,collaborator
63284,collaborator
63287,prolific
63299,prolific
63300,collaborator
63303,prolific
63304,prolific
63306,occasional
63309,core
6331,prolific
63310,occasional
63311,core
63312,occasional
63313,occasional
63314,collaborator
63315,collaborator
6332,core
63346,core
6335,occasional
63352,core
63356,collaborator
63357,collaborator
63359,prolific
6336,collaborator
63366,prolific
63372,prolific
63375,occasional
63398,core
63399,collaborator
63401,prolific
63422,collaborator
63428,core
63430,prolific
63431,core
63437,collaborator
63438,collaborator
63439,prolific
6345,collaborator
63470,occasional
63474,occasional
63476,prolific
63479,occasional
63484,occasional
63485,collaborator
63487,occasional
63488,occasional
635,prolific
6350,collaborator
63500,core
63505,core
63552,core
63553,core
63559,core
63570,core
63573,prolific
63578,core
6358,prolific
63580,occasional
636,occasional
63616,collaborator
63618,core
63621,core
63625,prolific
63626,collaborator
63627,collaborator
63628,occasional
63629,prolific
6364,core
63640,prolific
63646,occasional
6365,core
63663,prolific
63665,core
63669,core
63671,prolific
63672,collaborator
63673,prolific
63674,occasional
63675,collaborator
63676,core
63677,core
6369,occasional
63707,collaborator
63709,core
63711,core
63712,core
63713,collaborator
63715,occasional
63717,prolific
63719,prolific
63720,core
6374,occasional
63769,core
63773,collaborator
63793,collaborator
63794,core
63796,occasional
63803,occasional
63804,core
63813,core
63814,occasional
63822,occasional
63827,occasional
63830,occasional
63831,collaborator
63836,core
63840,core
63842,core
63858,prolific
63859,prolific
63860,occasional
63861,collaborator
63864,prolific
63868,core
63869,prolific
6387,collaborator
63870,collaborator
63871,occasional
63873,core
63875,core
63877,occasional
63878,occasional
6388,collaborator
63882,core
63883,prolific
63885,prolific
6389,core
63924,prolific
63926,occasional
6393,occasional
63946,collaborator
63948,prolific
63950,prolific
63951,collaborator
63964,prolific
63965,prolific
63968,occasional
63969,collaborator
6397,occasional
63970,prolific
63971,occasional
640,prolific
64054,prolific
64062,collaborator
64063,occasional
64067,occasional
64068,prolific
64079,occasional
64081,core
64082,prolific
64086,collaborator
64087,prolific
64089,prolific
6410,occasional
6412,occasional
64124,collaborator
64127,core
64129,prolific
64132,collaborator
64136,prolific
6414,collaborator
64147,collaborator
6415,collaborator
64153,occasional
64156,core
64157,occasional
64158,core
64159,core
64161,core
6417,core
64173,prolific
64176,collaborator
6418,collaborator
64186,prolific
64190,occasional
64191,core
64192,prolific
642,prolific
6420,occasional
6421,occasional
64214,collaborator
64231,prolific
64235,occasional
64245,core
64253,collaborator
64261,occasional
64267,collaborator
64269,collaborator
64276,core
64277,core
64278,occasional
64279,collaborator
64282,core
64292,prolific
64293,collaborator
64294,occasional
64295,prolific
64296,collaborator
643,core
64304,collaborator
64317,core
64335,core
64336,core
64338,prolific
64340,core
64341,collaborator
64345,collaborator
64348,core
64353,core
64357,prolific
64364,occasional
64366,core
64367,occasional
64374,prolific
64391,occasional
64393,core
6440,prolific
64401,prolific
64403,occasional
64405,prolific
6441,collaborator
64411,prolific
64414,occasional
64417,occasional
6442,core
6443,occasional
64447,core
6445,occasional
64456,prolific
64457,prolific
6446,core
64460,prolific
64470,occasional
64480,occasional
64481,core
64482,occasional
64483,prolific
645,occasional
64568,core
64569,occasional
64570,core
64572,occasional
64574,core
64576,occasional
64582,prolific
64583,core
64591,core
64592,collaborator
646,core
64601,occasional
64619,occasional
64627,prolific
64629,collaborator
64630,occasional
64631,core
64632,prolific
64633,prolific
64636,occasional
64646,collaborator
64648,occasional
64649,core
64650,core
64652,collaborator
64654,core
6466,occasional
64665,core
64666,collaborator
64667,occasional
64668,prolific
64669,occasional
64676,core
64677,prolific
64678,core
64679,occasional
6468,collaborator
64680,occasional
64681,prolific
64685,collaborator
64688,core
64691,prolific
64694,prolific
64740,occasional
64741,core
64743,collaborator
64747,core
64749,collaborator
64753,occasional
64754,occasional
64766,collaborator
64779,core
64780,occasional
64784,collaborator
64789,occasional
64790,core
64791,prolific
64793,collaborator
64794,collaborator
64796,prolific
64834,occasional
64835,collaborator
64836,occasional
64837,core
64838,core
64852,collaborator
64856,collaborator
64857,collaborator
64859,core
64860,occasional
64865,occasional
64909,prolific
64925,occasional
64940,core
64944,prolific
64945,core
64946,occasional
64967,occasional
64973,core
64974,prolific
64975,occasional
64984,occasional
64985,core
64995,core
65012,core
65018,prolific
65022,prolific
6506,occasional
65114,occasional
65116,collaborator
65117,collaborator
65118,core
65120,core
65160,collaborator
65164,core
65170,collaborator
65171,collaborator
65172,occasional
65178,prolific
65191,prolific
65192,occasional
65197,core
65201,collaborator
65202,occasional
65203,core
65213,core
65239,collaborator
65248,collaborator
65251,collaborator
65252,prolific
65253,collaborator
65254,occasional
65255,core
65257,prolific
65260,core
65262,core
65263,core
65264,prolific
65266,core
65267,prolific
65276,collaborator
65277,prolific
6529,collaborator
6530,occasional
6532,collaborator
65337,collaborator
65369,occasional
65388,occasional
6539,occasional
65392,collaborator
654,core
6540,collaborator
65408,occasional
6541,core
65449,collaborator
6545,collaborator
65450,collaborator
65454,core
65461,occasional
65462,core
65467,collaborator
6548,collaborator
65484,occasional
65485,prolific
65492,collaborator
65493,prolific
65495,occasional
65497,core
65498,occasional
65499,core
655,prolific
65500,occasional
65507,core
65511,collaborator
65517,prolific
65519,occasional
65520,occasional
65522,collaborator
65523,collaborator
65532,occasional
65534,occasional
65540,collaborator
65541,collaborator
65546,prolific
65564,occasional
65566,core
65567,occasional
65568,core
65569,occasional
65570,core
65571,core
65595,collaborator
65597,core
65599,prolific
65610,prolific
65613,occasional
65620,prolific
65627,occasional
65628,prolific
65629,prolific
65637,prolific
65638,prolific
65642,occasional
65643,occasional
65657,occasional
65676,collaborator
65713,occasional
65718,prolific
65719,core
65723,occasional
65724,prolific
65751,core
65753,prolific
65763,prolific
65794,prolific
65795,prolific
65796,collaborator
65798,prolific
65799,prolific
65800,collaborator
65801,collaborator
65814,prolific
65817,prolific
65818,collaborator
65822,prolific
65829,occasional
65838,prolific
65841,prolific
65889,occasional
65895,collaborator
65927,collaborator
65928,prolific
6593,collaborator
65937,prolific
65938,prolific
65939,collaborator
65947,occasional
65949,collaborator
6596,core
6597,prolific
65977,collaborator
65978,collaborator
6598,prolific
65980,collaborator
65982,occasional
65983,prolific
65984,collaborator
65985,occasional
65986,occasional
65989,prolific
66006,occasional
66010,prolific
66018,collaborator
66022,prolific
66023,core
66033,prolific
66036,core
66037,occasional
66039,occasional
66040,core
66058,core
66059,collaborator
66061,prolific
66075,occasional
66079,occasional
66082,prolific
66086,occasional
66098,collaborator
661,prolific
66100,core
6612,occasional
6613,occasional
6615,core
66157,occasional
66158,occasional
66159,occasional
6616,prolific
66160,core
6617,collaborator
6618,collaborator
6619,core
66200,prolific
66205,core
66222,core
66232,core
66233,prolific
66234,core
66241,prolific
66245,collaborator
66256,core
66267,occasional
66274,collaborator
663,core
66300,core
66301,core
66309,core
66310,prolific
66311,prolific
66336,prolific
66350,occasional
66351,collaborator
66356,collaborator
66367,collaborator
66368,prolific
66369,prolific
6637,collaborator
66396,collaborator
66401,core
66413,prolific
66426,collaborator
66428,collaborator
66430,occasional
66438,collaborator
66439,core
66448,collaborator
66451,core
66454,prolific
66456,occasional
66459,core
6646,core
66461,collaborator
66464,occasional
66465,collaborator
66469,collaborator
6647,occasional
6648,collaborator
665,collaborator
66502,collaborator
66511,prolific
66513,core
66514,core
66515,collaborator
66518,prolific
66522,occasional
66525,occasional
66526,occasional
66527,collaborator
66535,collaborator
66538,core
66539,core
66544,occasional
6655,occasional
66553,occasional
66555,collaborator
66556,occasional
66557,occasional
6659,core
6660,prolific
66602,collaborator
66605,occasional
66607,occasional
66608,prolific
66632,prolific
66633,core
66634,occasional
66636,occasional
66637,occasional
66638,collaborator
66682,prolific
66683,collaborator
66685,core
66686,occasional
66690,collaborator
66698,occasional
66707,collaborator
66708,collaborator
66709,prolific
66711,prolific
66724,occasional
66725,prolific
66726,collaborator
66727,prolific
66728,collaborator
66730,occasional
66733,occasional
66734,core
66740,collaborator
66741,core
66750,occasional
66756,core
66757,occasional
66760,prolific
66761,prolific
66766,occasional
66767,core
66768,occasional
66769,occasional
66770,occasional
66771,occasional
66791,core
66803,occasional
66826,prolific
66840,prolific
66875,collaborator
66880,prolific
66882,prolific
66883,prolific
6689,occasional
66946,collaborator
66947,collaborator
6695,collaborator
6699,collaborator
66995,core
66996,occasional
67032,prolific
67034,core
6704,collaborator
6705,core
6706,collaborator
67060,core
67064,core
67068,prolific
67090,core
67108,prolific
67109,occasional
6712,collaborator
67122,prolific
67123,collaborator
67126,occasional
67127,prolific
6713,collaborator
67134,collaborator
67135,occasional
67137,prolific
67139,collaborator
67141,core
67143,collaborator
67147,core
67148,core
67157,collaborator
67158,prolific
67163,occasional
67180,occasional
67189,collaborator
67223,collaborator
67225,core
67240,collaborator
67242,core
67244,core
6729,core
67299,prolific
6730,collaborator
67303,core
6731,occasional
67336,prolific
67337,collaborator
67344,collaborator
67348,collaborator
67350,collaborator
67351,core
67357,prolific
67359,collaborator
67360,prolific
67374,core
67410,core
67411,occasional
67412,collaborator
67414,collaborator
67449,core
67456,occasional
67457,collaborator
67463,collaborator
67471,collaborator
67480,prolific
67482,prolific
67494,occasional
67498,collaborator
67528,occasional
67548,collaborator
67551,core
67552,collaborator
67553,collaborator
67554,core
67580,core
67585,occasional
67587,collaborator
67588,core
67618,prolific
67620,occasional
67625,occasional
67637,occasional
67643,occasional
67650,occasional
67661,prolific
67662,occasional
67664,prolific
67670,occasional
67671,collaborator
67687,occasional
67692,collaborator
67716,core
67717,collaborator
67719,core
67720,prolific
67723,prolific
67728,core
67729,occasional
67730,occasional
67731,occasional
67742,prolific
67744,prolific
67746,core
67747,prolific
67752,occasional
67754,collaborator
67755,core
67756,collaborator
67759,occasional
67774,collaborator
67775,occasional
67776,collaborator
67778,prolific
67779,occasional
67788,collaborator
67791,collaborator
67827,core
67846,collaborator
67848,occasional
67850,prolific
67855,occasional
67862,occasional
67864,occasional
67890,occasional
67891,prolific
67893,collaborator
67894,occasional
67896,collaborator
67899,occasional
6790,core
67900,collaborator
67901,collaborator
67903,core
67911,prolific
67917,prolific
67918,core
67920,prolific
67921,occasional
67925,occasional
67926,occasional
67927,core
67928,prolific
67929,prolific
6793,occasional
67930,core
67932,occasional
67938,core
6795,prolific
67955,prolific
67959,collaborator
67960,prolific
67961,collaborator
67985,core
67988,core
67992,collaborator
680,prolific
68018,core
68019,core
68020,collaborator
68025,prolific
68044,core
68050,occasional
68051,occasional
68077,prolific
68078,occasional
68081,prolific
68082,prolific
68086,prolific
68087,prolific
68148,core
68156,core
68162,occasional
68213,occasional
68233,occasional
68239,core
68242,core
68246,collaborator
68247,occasional
68252,prolific
68255,occasional
68261,prolific
68267,collaborator
68284,collaborator
68291,collaborator
68292,core
6831,occasional
68320,prolific
68322,occasional
68327,collaborator
68329,core
68339,core
6835,prolific
68363,core
6837,collaborator
68375,collaborator
6838,occasional
68381,collaborator
68398,occasional
68409,collaborator
68434,occasional
6844,prolific
68444,collaborator
68445,core
68446,core
68448,collaborator
6845,core
68451,prolific
68452,occasional
68454,core
68455,collaborator
68460,occasional
68469,collaborator
68470,occasional
68471,core
68472,core
68473,occasional
68481,prolific
68577,prolific
68603,occasional
68629,prolific
68630,prolific
68639,prolific
68673,collaborator
68674,prolific
68692,collaborator
68693,collaborator
68695,core
68696,occasional
68697,occasional
6870,prolific
6871,prolific
68722,prolific
68724,occasional
68725,occasional
68728,core
68729,prolific
6873,prolific
68735,core
68736,collaborator
68737,collaborator
68739,collaborator
6874,collaborator
68748,occasional
68749,collaborator
68750,core
68752,prolific
68758,occasional
68796,occasional
68797,occasional
68799,prolific
6880,prolific
68806,core
68808,collaborator
68809,collaborator
6881,occasional
68830,core
68834,prolific
68835,core
68842,occasional
68854,occasional
68855,occasional
68877,collaborator
68880,occasional
68921,occasional
68923,core
68930,prolific
68931,prolific
68941,core
68950,prolific
68952,collaborator
68956,occasional
68969,occasional
69028,occasional
69034,collaborator
69036,occasional
69037,occasional
69040,collaborator
69046,prolific
69047,collaborator
69051,collaborator
69052,prolific
69057,collaborator
69058,prolific
69066,occasional
69076,core
69077,core
69078,core
6908,core
6909,core
69090,collaborator
69094,occasional
69097,occasional
69109,core
69110,collaborator
69111,core
6912,core
6914,occasional
69142,collaborator
69143,core
69144,collaborator
6916,prolific
69169,prolific
6917,prolific
69184,core
69187,core
69188,collaborator
69190,prolific
69191,prolific
69195,core
69200,core
69202,core
69204,core
69226,core
69227,collaborator
69228,collaborator
69235,occasional
69236,occasional
69238,core
69242,prolific
69245,prolific
69246,core
69250,prolific
69252,collaborator
69258,core
69274,occasional
69275,prolific
6930,collaborator
69303,core
69308,occasional
69318,collaborator
6932,prolific
69321,core
69322,occasional
69327,prolific
6934,collaborator
69342,occasional
69344,occasional
69356,prolific
6936,prolific
69362,prolific
69365,occasional
69366,occasional
69372,collaborator
69375,prolific
69376,prolific
69377,collaborator
69394,collaborator
69399,occasional
69400,collaborator
69403,collaborator
69404,core
69407,core
69410,core
69411,core
69412,collaborator
69413,core
69420,occasional
69423,collaborator
69424,collaborator
69428,core
69433,prolific
69439,prolific
69446,prolific
69448,collaborator
69451,occasional
69455,occasional
69459,occasional
6947,core
69471,prolific
6949,collaborator
69493,occasional
69499,core
69500,prolific
6951,collaborator
69511,occasional
69512,collaborator
69515,prolific
69519,core
69520,core
69525,core
69526,prolific
69527,occasional
69582,collaborator
69591,occasional
69593,occasional
69594,occasional
69595,prolific
69596,occasional
69601,collaborator
69604,prolific
69607,occasional
69609,prolific
69610,collaborator
69614,core
69622,collaborator
69643,prolific
69648,occasional
69649,core
69661,occasional
69676,prolific
69680,collaborator
69681,core
69697,collaborator
69702,collaborator
69703,occasional
69704,prolific
69705,collaborator
69710,collaborator
69712,occasional
69718,core
69719,core
69722,prolific
69726,prolific
6974,prolific
6975,prolific
6976,core
6977,core
6978,occasional
69839,collaborator
69841,collaborator
69842,collaborator
69844,prolific
69861,prolific
69863,occasional
69864,collaborator
69869,occasional
69871,core
69877,occasional
69879,prolific
69883,occasional
69885,core
69887,prolific
69901,prolific
69902,core
69903,occasional
69904,core
6992,occasional
69921,occasional
69935,occasional
69937,collaborator
69947,prolific
6995,collaborator
69958,occasional
6996,prolific
69960,prolific
69961,core
69965,collaborator
69969,prolific
69970,occasional
69973,prolific
69977,core
69980,collaborator
70002,core
70025,collaborator
70027,occasional
70029,collaborator
70035,occasional
7004,core
70041,occasional
7005,core
70060,core
70074,prolific
70075,occasional
7009,core
70099,prolific
70100,core
70107,occasional
70109,collaborator
70112,prolific
70130,core
70142,collaborator
70143,occasional
70144,prolific
70146,collaborator
70148,collaborator
70149,core
70151,occasional
70163,core
7019,prolific
70193,collaborator
70201,occasional
70202,core
70216,core
70225,collaborator
70226,prolific
70227,collaborator
70228,prolific
70231,prolific
70235,occasional
70236,collaborator
70241,occasional
70246,collaborator
7026,collaborator
70275,prolific
70276,core
70278,prolific
70282,prolific
70284,core
70290,core
70291,collaborator
70293,core
70294,core
70307,collaborator
7031,core
7033,prolific
70335,collaborator
70336,core
70337,occasional
70338,prolific
70339,core
7035,occasional
70366,core
70367,occasional
70368,prolific
70393,core
70413,prolific
70417,core
70424,prolific
70453,collaborator
70456,occasional
70457,collaborator
70458,prolific
70459,core
70460,core
70470,core
70478,collaborator
70479,collaborator
70480,prolific
70484,collaborator
70485,collaborator
70487,occasional
70488,prolific
70491,core
70510,prolific
70524,occasional
70562,occasional
70570,core
70581,occasional
70583,collaborator
70584,collaborator
70589,collaborator
70618,occasional
70637,core
70638,collaborator
70639,occasional
70640,occasional
70652,occasional
70665,prolific
70666,prolific
70669,collaborator
70686,core
70687,core
70713,occasional
70714,collaborator
70718,core
7072,prolific
70729,core
70730,prolific
70733,prolific
70743,occasional
70748,core
70751,prolific
70752,occasional
70753,core
70758,collaborator
70759,core
70760,core
70762,collaborator
70770,occasional
70776,occasional
70781,prolific
70783,core
70784,core
70794,prolific
70799,collaborator
70800,prolific
70802,occasional
70804,prolific
70823,core
70824,core
70825,core
70826,prolific
70829,collaborator
7083,prolific
70830,occasional
70854,collaborator
70855,prolific
70856,prolific
70866,occasional
7087,core
70898,prolific
7090,core
70901,occasional
70902,prolific
7091,prolific
70916,occasional
70918,core
7092,core
70950,prolific
70951,prolific
70970,collaborator
70972,core
70975,collaborator
70981,core
70983,prolific
71007,core
71009,core
7103,prolific
71040,prolific
71055,prolific
71064,core
71071,collaborator
71072,collaborator
71074,core
71075,collaborator
71077,core
71084,prolific
71086,prolific
71087,core
71118,prolific
71127,prolific
71128,core
71129,occasional
71134,core
71135,prolific
71138,occasional
71157,core
71159,prolific
71163,prolific
71164,core
71218,collaborator
71223,core
71224,core
71225,core
71226,core
71240,occasional
71244,core
71245,occasional
71246,prolific
7128,occasional
7129,core
71296,prolific
71297,collaborator
71299,collaborator
7130,core
71301,prolific
71302,collaborator
71323,collaborator
71329,core
71330,core
71366,occasional
71371,collaborator
71379,collaborator
71388,collaborator
71389,collaborator
71390,occasional
71393,core
7140,prolific
71438,collaborator
71440,occasional
71441,collaborator
71442,core
7146,occasional
71466,collaborator
71482,occasional
71484,collaborator
71494,prolific
71496,prolific
71507,collaborator
7151,occasional
7154,occasional
71541,prolific
71543,prolific
71545,collaborator
71547,core
71548,occasional
71552,prolific
71553,occasional
71554,core
71558,core
71566,occasional
71574,collaborator
71576,prolific
71583,collaborator
71602,collaborator
71610,core
71618,collaborator
71619,collaborator
71624,core
71627,collaborator
71633,collaborator
71637,core
71650,core
71671,occasional
71674,collaborator
71677,collaborator
71681,prolific
71689,core
71703,core
71711,collaborator
71712,core
71717,core
71718,occasional
71719,core
71722,prolific
71723,collaborator
71724,occasional
71725,collaborator
71726,collaborator
71727,core
71728,prolific
71729,prolific
71733,occasional
71738,occasional
71745,prolific
71754,occasional
71762,collaborator
71766,collaborator
71776,collaborator
71801,occasional
71854,prolific
71856,collaborator
71861,collaborator
71874,occasional
71877,occasional
71947,prolific
71948,occasional
71982,core
71986,prolific
71989,core
71990,occasional
72004,occasional
72046,collaborator
72047,core
72048,core
72049,occasional
7205,prolific
72052,collaborator
7206,occasional
72074,core
72079,prolific
7208,collaborator
72081,prolific
7209,prolific
72114,collaborator
72116,occasional
7212,core
72131,occasional
72150,core
72153,occasional
72154,prolific
72157,prolific
72161,collaborator
72166,occasional
72168,collaborator
72170,prolific
72171,occasional
72173,occasional
7218,prolific
72194,collaborator
722,occasional
72201,collaborator
72216,occasional
72231,collaborator
72233,core
72235,collaborator
72236,occasional
72239,occasional
72246,collaborator
72251,collaborator
72255,core
72258,prolific
72274,prolific
72275,prolific
72278,core
72284,prolific
72291,prolific
72292,occasional
72298,core
72309,core
72311,core
72315,collaborator
72370,prolific
72380,prolific
72391,collaborator
72402,collaborator
72405,occasional
72406,core
72408,collaborator
72415,core
72416,prolific
72417,occasional
72420,prolific
72422,core
72423,occasional
72425,collaborator
72434,collaborator
72438,core
72439,prolific
72441,occasional
72444,prolific
72464,prolific
72466,collaborator
72468,occasional
72490,prolific
72491,core
72493,occasional
72494,occasional
72495,collaborator
72498,collaborator
725,prolific
72511,core
72512,prolific
72555,prolific
72556,occasional
72562,collaborator
72565,prolific
72566,occasional
72570,collaborator
72578,occasional
72579,core
72580,core
72584,core
72603,collaborator
72604,collaborator
72605,occasional
72606,core
72607,collaborator
72610,occasional
72616,occasional
72617,core
72624,core
72628,occasional
72629,collaborator
72634,collaborator
72636,collaborator
72637,collaborator
7264,prolific
72640,core
72642,core
72647,prolific
7265,core
72650,occasional
72658,core
72699,prolific
72703,occasional
72738,collaborator
72744,core
72747,prolific
72750,collaborator
7276,core
72770,core
72772,prolific
72774,collaborator
72783,core
72786,occasional
72787,prolific
72789,collaborator
72795,core
72796,occasional
728,collaborator
72803,occasional
72804,prolific
72811,core
72812,core
72813,collaborator
72815,prolific
72816,core
72818,occasional
72819,prolific
72829,prolific
72857,occasional
72865,collaborator
7287,core
72872,core
72873,core
72876,prolific
72879,collaborator
72889,collaborator
729,collaborator
7291,collaborator
7292,core
72941,collaborator
72949,collaborator
72951,collaborator
72959,collaborator
72960,collaborator
72972,prolific
72975,occasional
72983,core
72984,occasional
72987,collaborator
73,collaborator
730,core
73000,core
73004,collaborator
73006,prolific
73007,prolific
73008,occasional
73011,collaborator
73033,core
73034,collaborator
73036,occasional
73039,occasional
73044,core
73053,collaborator
73064,prolific
73074,core
73081,collaborator
73082,occasional
73083,core
73085,core
73086,collaborator
73123,collaborator
73132,core
73133,collaborator
73134,occasional
73135,core
73140,occasional
73143,collaborator
73205,collaborator
73207,prolific
73209,prolific
73216,occasional
73218,collaborator
73220,collaborator
73223,occasional
73237,occasional
73238,collaborator
73242,occasional
73246,prolific
73248,prolific
7325,prolific
73250,collaborator
73252,core
73253,collaborator
73271,occasional
73273,prolific
73275,occasional
73280,occasional
73286,core
73288,core
73298,collaborator
73299,core
73304,collaborator
73308,core
73309,occasional
73315,occasional
73319,collaborator
73340,core
73343,collaborator
73345,collaborator
73349,collaborator
73350,collaborator
73393,core
73416,core
73420,collaborator
73421,core
73438,prolific
73439,core
73440,prolific
73441,prolific
73449,prolific
73452,collaborator
73454,collaborator
73460,core
73462,occasional
73474,occasional
73479,collaborator
73489,collaborator
73490,collaborator
73491,core
73492,collaborator
73495,occasional
73496,core
73497,occasional
73499,core
73543,prolific
73544,occasional
73553,collaborator
73556,prolific
7357,prolific
73589,core
7359,core
73603,core
73610,core
73617,core
73618,core
73624,core
73625,prolific
73626,collaborator
73703,core
7371,core
73714,collaborator
73742,occasional
73744,core
73747,occasional
73750,prolific
73754,core
73755,core
73758,collaborator
73759,prolific
73762,prolific
73765,occasional
73766,core
73767,prolific
73780,prolific
73784,prolific
73785,collaborator
73795,core
73797,collaborator
73806,occasional
73842,prolific
7385,occasional
73865,core
7387,collaborator
73900,collaborator
73901,prolific
73904,core
73905,prolific
73906,occasional
73910,occasional
73914,core
73917,occasional
73941,occasional
73956,core
73962,core
73966,core
73970,core
74008,prolific
74016,collaborator
74023,occasional
74024,prolific
74027,prolific
74054,core
74059,prolific
74060,prolific
74064,collaborator
74065,occasional
74066,occasional
74080,core
74081,collaborator
74082,occasional
74084,collaborator
74095,prolific
74096,collaborator
74113,prolific
74114,prolific
74117,core
74130,prolific
74131,prolific
74133,collaborator
74134,occasional
74172,core
74173,core
74174,occasional
74181,core
74191,occasional
74193,collaborator
74202,collaborator
74203,occasional
74207,occasional
74208,prolific
74210,core
74224,collaborator
74225,collaborator
74226,core
74234,core
74237,prolific
74259,core
74277,core
74278,occasional
74279,prolific
7428,core
74283,core
74290,prolific
74291,prolific
74296,collaborator
74297,occasional
7430,occasional
74302,collaborator
74303,collaborator
74305,occasional
74306,collaborator
74307,core
74310,occasional
7432,prolific
74336,collaborator
74339,collaborator
74340,core
74341,collaborator
74344,occasional
74347,prolific
74353,collaborator
74355,prolific
74356,occasional
74359,prolific
74361,collaborator
74380,core
7439,collaborator
74399,occasional
74400,collaborator
74402,prolific
74444,occasional
74461,collaborator
74497,core
74499,prolific
74570,prolific
74571,core
74572,occasional
74577,core
74581,occasional
74590,prolific
74591,occasional
746,collaborator
74612,prolific
74614,prolific
74615,prolific
7462,core
74653,collaborator
74654,occasional
74656,collaborator
74659,prolific
74680,prolific
74685,collaborator
74687,prolific
7469,collaborator
747,core
74702,core
74707,occasional
7472,occasional
7474,prolific
74753,occasional
7476,prolific
7477,prolific
74787,core
74788,collaborator
74789,core
748,prolific
7480,collaborator
74810,collaborator
7482,prolific
74827,prolific
74828,collaborator
74830,occasional
74834,core
74839,prolific
74840,core
74844,prolific
74853,core
74854,prolific
74866,collaborator
749,collaborator
74901,collaborator
74905,collaborator
74906,prolific
74919,collaborator
74921,prolific
74923,prolific
74924,core
74932,occasional
74934,collaborator
74936,collaborator
74939,core
74940,core
74941,core
74951,occasional
74971,occasional
74972,core
74989,core
74991,collaborator
75003,collaborator
75004,core
75006,collaborator
75007,occasional
75033,collaborator
75035,collaborator
75037,occasional
75038,prolific
75039,collaborator
75040,core
75042,occasional
75043,core
75047,core
75049,core
75050,occasional
75055,prolific
75057,occasional
75059,core
75063,occasional
75066,occasional
75067,core
75068,core
75069,collaborator
75070,collaborator
75077,core
75098,core
751,core
75117,prolific
75119,occasional
75131,core
75132,collaborator
75134,core
75145,collaborator
75146,occasional
75148,prolific
75156,occasional
75159,occasional
75171,prolific
75172,prolific
7520,core
7521,occasional
7522,core
75223,collaborator
75226,occasional
75227,prolific
75228,prolific
75231,collaborator
75233,core
75254,core
75264,prolific
75265,core
75266,core
75267,prolific
75280,core
75282,prolific
75283,collaborator
75314,collaborator
75326,occasional
75327,occasional
75338,prolific
75347,core
75348,collaborator
75359,occasional
75373,collaborator
75380,collaborator
75388,collaborator
75398,collaborator
754,collaborator
75400,core
75401,collaborator
75403,occasional
75415,prolific
75416,prolific
75418,prolific
75419,occasional
75420,core
75441,core
75457,prolific
75458,core
75465,prolific
75466,collaborator
75467,occasional
75472,core
75539,prolific
75546,core
75547,prolific
75548,collaborator
75549,occasional
75607,occasional
75612,occasional
75616,occasional
75626,core
75627,core
75633,core
7565,collaborator
75664,occasional
75665,core
75690,core
75731,collaborator
75753,core
75761,collaborator
75762,prolific
75768,occasional
75772,occasional
75786,core
75787,core
75789,occasional
75794,collaborator
75796,occasional
75847,core
75852,prolific
75855,collaborator
75857,core
75858,collaborator
75875,collaborator
75879,prolific
7588,prolific
75882,prolific
75886,core
75887,occasional
75911,collaborator
7592,occasional
7593,core
75947,occasional
75948,occasional
75965,occasional
75966,collaborator
75972,collaborator
75975,prolific
75976,prolific
75977,core
75978,core
7599,collaborator
75996,prolific
76005,core
7601,occasional
76014,collaborator
76026,prolific
76028,prolific
76034,collaborator
76035,occasional
76040,collaborator
76071,occasional
76075,core
76078,collaborator
76098,collaborator
76104,prolific
76107,core
76108,core
76111,core
7612,prolific
7614,occasional
762,core
7620,core
7621,prolific
76213,core
76215,prolific
76217,prolific
76218,collaborator
76232,core
76259,occasional
76273,prolific
7628,collaborator
7629,occasional
76323,occasional
76327,occasional
76328,prolific
76334,occasional
76338,core
76345,prolific
7636,collaborator
7637,prolific
76378,occasional
76391,collaborator
76394,collaborator
764,prolific
7640,core
76400,prolific
76406,core
76408,prolific
76412,collaborator
76427,collaborator
76432,collaborator
76433,core
76434,collaborator
76438,collaborator
76439,prolific
76451,collaborator
76463,occasional
76464,occasional
76465,core
76466,occasional
76467,core
76489,occasional
76498,collaborator
76504,occasional
76509,core
76510,occasional
76511,occasional
76529,core
76531,occasional
76533,collaborator
76564,collaborator
7657,prolific
76571,collaborator
76594,collaborator
76597,prolific
76598,prolific
76599,collaborator
766,collaborator
76616,core
76618,prolific
76621,core
76624,prolific
76625,occasional
76626,core
76634,collaborator
76640,occasional
76641,prolific
76643,core
76672,collaborator
76673,occasional
76674,prolific
76684,collaborator
76706,occasional
76707,prolific
76727,core
76749,occasional
76750,occasional
76751,prolific
76752,occasional
76784,core
76788,collaborator
76793,core
768,occasional
76830,occasional
76831,core
76832,collaborator
76854,collaborator
76855,prolific
7686,prolific
76862,core
7687,prolific
76880,collaborator
76882,prolific
76885,occasional
76888,collaborator
76892,collaborator
76893,prolific
76894,prolific
76895,core
76896,core
76915,collaborator
76916,occasional
76920,collaborator
76929,core
76930,core
76946,occasional
76948,occasional
76949,occasional
76950,core
76951,core
76952,core
76954,occasional
76958,collaborator
76959,core
76961,core
76963,collaborator
76970,prolific
76975,core
76976,core
76989,core
76991,occasional
77019,core
77035,prolific
77048,core
7705,prolific
77052,core
77054,prolific
7706,core
7707,occasional
7708,occasional
77098,collaborator
77099,collaborator
77107,occasional
77113,occasional
77129,collaborator
77130,core
77148,prolific
77152,collaborator
77179,prolific
77181,prolific
77182,core
77183,occasional
77184,occasional
77194,occasional
772,prolific
77208,occasional
7721,collaborator
77229,core
77240,occasional
77245,collaborator
77249,occasional
77252,occasional
77253,collaborator
77256,collaborator
77269,prolific
77270,core
77279,core
77283,occasional
77292,occasional
77293,occasional
773,core
77320,collaborator
77322,core
77325,prolific
77367,core
77368,occasional
77369,prolific
77370,core
77373,collaborator
77374,collaborator
77378,collaborator
77381,occasional
77384,collaborator
77388,core
77415,collaborator
77416,prolific
77425,prolific
77436,collaborator
77437,collaborator
77450,prolific
77460,occasional
77480,core
77504,occasional
77505,core
77510,occasional
77512,core
77515,collaborator
77516,collaborator
77517,core
77518,core
77525,collaborator
77526,core
77527,occasional
77528,core
77529,collaborator
77530,occasional
77542,collaborator
77551,prolific
77558,collaborator
7756,occasional
77560,occasional
7757,prolific
77580,occasional
77581,core
77604,collaborator
77605,collaborator
7761,occasional
77617,core
77618,prolific
77620,prolific
77634,prolific
77641,core
77642,collaborator
7765,prolific
77754,core
77755,collaborator
77757,occasional
77783,prolific
77785,core
77786,core
77787,occasional
77788,prolific
77789,prolific
77816,core
77819,collaborator
77821,occasional
77822,collaborator
77825,prolific
77827,core
7783,occasional
77830,occasional
77835,core
77836,collaborator
77837,occasional
77838,occasional
7784,collaborator
77847,collaborator
77848,core
77849,core
7785,collaborator
77850,core
77852,occasional
77854,collaborator
77858,core
77863,collaborator
77867,prolific
77877,occasional
77881,collaborator
77883,prolific
77887,occasional
77888,occasional
77915,collaborator
77917,occasional
77959,collaborator
77960,collaborator
77973,core
77978,collaborator
77979,prolific
77980,occasional
77982,core
77985,prolific
77986,collaborator
77990,occasional
77999,core
78002,occasional
78003,occasional
78007,occasional
78008,core
78024,occasional
78026,occasional
78028,core
78038,occasional
78060,occasional
78061,collaborator
78063,occasional
78070,collaborator
78090,core
78091,prolific
78092,core
78104,occasional
78105,collaborator
78106,core
78109,collaborator
78111,collaborator
78128,collaborator
7814,prolific
7816,prolific
78169,collaborator
78174,core
78179,occasional
78182,prolific
78186,core
78187,prolific
78191,occasional
78194,core
782,prolific
7821,occasional
78235,collaborator
78236,core
7824,collaborator
78242,core
78243,collaborator
78248,prolific
78250,occasional
78269,occasional
7829,core
783,prolific
7830,collaborator
7831,occasional
78328,prolific
78341,core
78342,collaborator
78348,collaborator
7836,core
78361,prolific
78368,core
78369,collaborator
78370,occasional
784,prolific
78415,prolific
78423,collaborator
78424,prolific
78425,prolific
78426,core
78432,core
78433,prolific
78441,prolific
78443,occasional
78462,occasional
78468,core
78469,occasional
78470,core
78476,prolific
78477,collaborator
78479,collaborator
78480,occasional
78529,occasional
78549,occasional
78550,occasional
78551,collaborator
78553,collaborator
78554,core
78555,occasional
78558,prolific
78563,occasional
78564,core
78566,core
78575,occasional
78579,occasional
78582,occasional
78590,occasional
78598,collaborator
78599,occasional
78600,occasional
78601,collaborator
78627,collaborator
78633,prolific
78671,collaborator
78672,occasional
78673,core
78689,prolific
78690,core
78695,occasional
78696,collaborator
78697,collaborator
78698,prolific
78699,core
78704,prolific
78705,core
78764,prolific
78765,occasional
78777,occasional
78778,prolific
78779,occasional
78780,core
78781,core
78793,core
78800,collaborator
78810,prolific
78813,collaborator
78846,prolific
78847,prolific
78897,prolific
789,prolific
78900,collaborator
78901,occasional
78902,occasional
78904,occasional
78905,collaborator
78909,collaborator
78915,prolific
78916,prolific
78920,collaborator
78921,collaborator
78922,collaborator
78925,prolific
78935,occasional
7894,collaborator
7896,collaborator
7898,core
78999,prolific
790,occasional
79011,collaborator
79028,prolific
79035,core
79045,prolific
79052,collaborator
79053,prolific
79054,occasional
79055,collaborator
79069,prolific
79077,occasional
79079,collaborator
791,collaborator
79101,occasional
79108,collaborator
79109,collaborator
79129,prolific
79131,prolific
79152,core
79153,collaborator
79154,core
79155,occasional
79156,prolific
79157,prolific
79171,core
79176,occasional
79187,prolific
7919,occasional
7920,prolific
79201,core
79208,prolific
79214,occasional
7922,prolific
79224,prolific
79226,collaborator
7923,core
79238,collaborator
79239,prolific
79240,core
7926,core
79267,core
79277,occasional
79278,occasional
7928,collaborator
79297,core
79298,collaborator
79303,prolific
79312,collaborator
7933,prolific
79337,core
79339,core
7934,prolific
79360,collaborator
79361,occasional
79363,prolific
79371,core
79372,prolific
79379,prolific
79380,occasional
79382,core
79383,prolific
79385,prolific
79388,collaborator
79390,core
79391,collaborator
79392,collaborator
79393,prolific
79397,collaborator
79398,occasional
79402,occasional
79403,core
79405,collaborator
79408,occasional
79412,occasional
79413,prolific
79418,core
79423,core
79424,prolific
79443,collaborator
79448,core
79450,prolific
79451,core
79455,core
79463,prolific
79466,collaborator
79467,occasional
79468,occasional
79477,core
79478,occasional
7950,core
7951,collaborator
79513,occasional
79515,core
79517,prolific
79518,prolific
79531,collaborator
7955,collaborator
79552,prolific
79553,occasional
79556,collaborator
79570,collaborator
7958,prolific
79595,occasional
79603,occasional
79605,core
79609,prolific
79610,occasional
79613,occasional
79621,occasional
79628,prolific
79629,prolific
79630,collaborator
79631,collaborator
79633,occasional
79644,prolific
79645,prolific
79646,prolific
79648,prolific
79649,occasional
79654,prolific
79655,prolific
79656,prolific
7967,collaborator
7968,collaborator
7969,prolific
79712,core
79722,core
7974,occasional
79746,prolific
79747,core
79749,collaborator
79751,core
79752,core
79756,core
79758,collaborator
79771,prolific
79792,prolific
7980,collaborator
79811,collaborator
79814,core
79818,collaborator
79821,collaborator
79860,core
79863,prolific
7989,prolific
79892,core
7991,collaborator
79936,core
79942,prolific
79943,prolific
79956,occasional
79960,core
79961,collaborator
79964,occasional
79974,collaborator
79975,core
79978,prolific
79987,prolific
79988,prolific
79990,occasional
79994,occasional
80,occasional
80001,collaborator
80002,occasional
80003,collaborator
80011,occasional
80012,occasional
80015,occasional
80019,prolific
80021,occasional
80026,collaborator
8003,core
80037,collaborator
8004,prolific
80041,collaborator
80042,prolific
80044,prolific
8006,collaborator
80063,core
80089,collaborator
80092,collaborator
80093,core
80095,collaborator
80111,collaborator
80112,core
80113,collaborator
80114,collaborator
80116,collaborator
80119,core
80120,prolific
80121,core
80123,core
80186,occasional
80187,core
80189,core
80190,collaborator
80192,occasional
80193,prolific
80196,occasional
80198,collaborator
80207,collaborator
80213,occasional
80218,prolific
80223,core
80276,collaborator
80281,occasional
80327,occasional
80352,core
80358,occasional
80361,collaborator
80371,collaborator
80372,prolific
80373,occasional
80374,occasional
80375,prolific
80378,prolific
80380,prolific
80383,prolific
80387,occasional
80392,collaborator
80394,occasional
80396,collaborator
80397,core
80398,prolific
80400,collaborator
80405,core
80406,occasional
80407,occasional
80408,collaborator
80421,core
80429,occasional
80430,core
80433,collaborator
80438,occasional
80439,core
80440,occasional
80442,collaborator
80464,core
80471,occasional
80472,collaborator
80477,collaborator
80479,occasional
80480,collaborator
80482,collaborator
80491,core
80496,prolific
80498,collaborator
80525,collaborator
80526,collaborator
80527,collaborator
80528,occasional
8053,collaborator
80531,core
80533,occasional
80534,prolific
80554,core
80559,prolific
80561,collaborator
80562,collaborator
8057,collaborator
80576,collaborator
80577,prolific
80579,prolific
8058,collaborator
80581,collaborator
80585,prolific
80593,prolific
80595,prolific
80600,occasional
80602,core
80603,occasional
80604,occasional
80629,occasional
80630,collaborator
80631,collaborator
80633,occasional
80642,prolific
80643,collaborator
80645,core
80646,prolific
80647,prolific
80650,prolific
80651,occasional
80691,core
80692,collaborator
8070,occasional
8071,occasional
8072,core
80727,collaborator
8073,collaborator
80740,occasional
80742,core
80745,collaborator
80752,core
80758,prolific
80761,collaborator
80763,occasional
80764,occasional
80774,core
80777,collaborator
80782,occasional
80798,prolific
80803,collaborator
80804,collaborator
80809,collaborator
80811,collaborator
80815,core
80823,core
80831,collaborator
80866,prolific
80867,occasional
80872,core
80874,collaborator
80875,collaborator
80880,core
80882,core
80896,prolific
80912,occasional
80928,occasional
8094,occasional
80945,prolific
80954,collaborator
80960,prolific
8098,prolific
80988,collaborator
80996,collaborator
80997,occasional
80998,core
81,core
8100,collaborator
81001,core
81004,prolific
81031,prolific
81032,collaborator
8106,occasional
8107,core
8108,prolific
81080,core
811,occasional
81151,core
81166,prolific
81169,collaborator
81170,collaborator
81172,core
81175,core
81188,collaborator
81198,collaborator
812,prolific
81201,core
81214,core
81219,prolific
81221,collaborator
81251,occasional
8127,prolific
8128,collaborator
81280,core
81281,collaborator
81286,core
81287,occasional
8129,occasional
81296,core
813,collaborator
81310,occasional
81311,core
81315,core
81321,collaborator
81324,occasional
81325,core
81327,collaborator
81353,collaborator
81354,core
81355,collaborator
81357,collaborator
81358,core
81361,occasional
81362,occasional
81365,occasional
81368,collaborator
81369,core
81370,core
81387,core
8139,core
81394,core
8140,occasional
81400,occasional
81402,core
81414,collaborator
81415,collaborator
81416,core
81418,core
81422,core
8143,occasional
81432,collaborator
81435,prolific
81454,occasional
81455,collaborator
81456,collaborator
81462,collaborator
81463,core
81464,prolific
81477,collaborator
81481,occasional
81487,occasional
81488,prolific
81489,collaborator
81491,core
81496,collaborator
81498,occasional
815,prolific
81500,core
81503,collaborator
81505,prolific
81530,collaborator
81539,core
81544,core
81545,prolific
81546,core
81551,occasional
81552,collaborator
81557,prolific
8156,core
81564,prolific
81565,collaborator
81566,collaborator
81567,prolific
81585,occasional
816,collaborator
8160,core
8161,collaborator
81610,prolific
81614,prolific
81615,occasional
81618,core
81619,core
81625,collaborator
81632,prolific
81636,collaborator
81639,occasional
81647,core
81688,core
81700,collaborator
81702,occasional
81705,core
81706,collaborator
81707,prolific
81708,collaborator
81711,occasional
81712,prolific
81713,prolific
81715,prolific
81724,occasional
81761,prolific
81790,collaborator
81792,collaborator
81793,core
81794,prolific
81804,core
81805,collaborator
81823,core
81826,collaborator
81840,occasional
81851,core
81855,occasional
81864,core
81881,prolific
81897,collaborator
81898,occasional
81899,collaborator
81900,occasional
81901,prolific
81903,core
81904,collaborator
81908,core
81909,occasional
81922,core
81925,occasional
81932,occasional
81933,core
81934,occasional
81937,collaborator
81938,collaborator
81941,collaborator
81942,prolific
8195,core
81958,prolific
81960,prolific
81964,prolific
81969,collaborator
81970,core
81971,collaborator
81974,prolific
82009,core
82010,collaborator
82019,core
82020,core
82023,core
82069,prolific
82071,occasional
82072,occasional
82079,occasional
82115,prolific
82130,occasional
82142,prolific
82144,core
82156,prolific
82157,occasional
82158,prolific
82159,prolific
82160,prolific
82161,occasional
82168,collaborator
82170,collaborator
82175,prolific
82176,occasional
82184,core
82185,collaborator
82195,prolific
82197,occasional
82198,occasional
822,core
82205,core
82207,core
82210,core
82214,core
82216,core
82217,core
82221,collaborator
82238,core
82243,occasional
82245,collaborator
82249,core
82261,occasional
82267,occasional
82286,prolific
82295,core
82296,occasional
82340,collaborator
82347,occasional
82358,core
82359,core
82360,core
82361,prolific
82362,occasional
82365,core
82373,collaborator
82381,core
824,core
82400,prolific
82406,core
82410,occasional
82411,core
82421,collaborator
82422,core
82471,occasional
82472,occasional
82475,core
82482,collaborator
82483,core
82484,occasional
82485,collaborator
82498,prolific
82499,core
82500,core
82501,prolific
82535,prolific
82539,prolific
82540,occasional
82546,prolific
82555,collaborator
82557,occasional
82558,collaborator
82559,core
82560,collaborator
82561,core
82562,core
82563,occasional
82587,collaborator
82588,prolific
82590,prolific
82610,occasional
82615,occasional
82616,occasional
82618,prolific
82623,occasional
82624,core
82628,collaborator
82643,core
82651,core
82657,prolific
82658,collaborator
82704,collaborator
82705,occasional
82707,collaborator
82708,occasional
82709,prolific
82717,occasional
82718,occasional
82719,occasional
82729,collaborator
8273,core
82734,prolific
8274,core
82746,collaborator
82748,collaborator
82749,occasional
82751,core
82752,core
82753,core
82754,prolific
82758,occasional
82767,occasional
82768,occasional
82770,core
82776,prolific
82777,prolific
82788,core
82796,core
82797,core
82798,core
82803,occasional
82804,occasional
82805,occasional
82806,core
82834,prolific
82837,core
82843,core
82846,prolific
82847,collaborator
82848,core
82850,prolific
82866,core
82870,prolific
82881,collaborator
82882,core
82884,prolific
82886,collaborator
82887,core
82888,prolific
82889,core
82896,prolific
82897,occasional
82898,occasional
82899,occasional
82904,collaborator
82905,core
82926,collaborator
82927,occasional
82947,occasional
82948,core
82953,occasional
82965,occasional
82966,prolific
82967,core
82982,occasional
82985,occasional
83003,core
83004,collaborator
83005,collaborator
83016,occasional
83020,prolific
83022,core
8303,occasional
8304,occasional
8305,prolific
83051,collaborator
83053,collaborator
83055,collaborator
83056,prolific
83057,occasional
83058,collaborator
83080,collaborator
83089,prolific
83091,core
83092,occasional
83094,core
83095,core
8310,prolific
83116,collaborator
83129,occasional
83142,collaborator
83151,core
83160,collaborator
83161,occasional
83171,core
83172,occasional
83188,collaborator
83197,core
83199,core
83200,occasional
83224,core
83244,collaborator
83251,core
83257,prolific
83259,core
83260,core
83261,collaborator
83284,prolific
83295,occasional
83298,collaborator
83302,core
83303,core
83319,occasional
8332,core
83351,prolific
83362,core
83369,core
83371,occasional
83372,prolific
83374,prolific
83375,collaborator
83393,collaborator
83421,core
83424,occasional
83425,prolific
83434,collaborator
83438,occasional
8344,prolific
83441,occasional
83443,core
83445,collaborator
83453,core
8346,core
83465,prolific
83466,core
83474,occasional
83475,occasional
83477,prolific
83488,occasional
83489,core
8349,collaborator
83490,collaborator
83491,occasional
83492,core
8350,prolific
83507,occasional
8351,core
83518,core
83519,collaborator
83560,occasional
83563,prolific
83565,collaborator
83567,occasional
83570,collaborator
83572,occasional
83580,occasional
83582,occasional
83583,core
83653,prolific
83654,core
83663,prolific
83665,collaborator
83674,core
83676,prolific
83679,core
83681,occasional
83683,core
83686,prolific
83689,occasional
83694,core
83696,occasional
83697,collaborator
837,collaborator
83700,occasional
83720,prolific
83722,collaborator
83723,prolific
83724,occasional
8373,prolific
8374,core
83746,occasional
83747,occasional
8377,collaborator
83770,prolific
83771,core
83773,occasional
83774,prolific
83775,occasional
83786,occasional
83797,collaborator
83799,prolific
83801,occasional
83802,core
83806,prolific
8381,occasional
83811,prolific
83812,collaborator
83813,core
83825,occasional
83827,core
83830,collaborator
83831,prolific
83833,core
83835,occasional
83840,collaborator
83848,collaborator
83860,prolific
83861,collaborator
83872,occasional
83877,prolific
8389,collaborator
83892,core
839,collaborator
83906,prolific
83924,occasional
83927,collaborator
83929,core
83942,occasional
83943,collaborator
83948,prolific
83959,occasional
8396,occasional
83964,collaborator
83966,occasional
8397,core
8398,occasional
83992,core
83993,core
83998,core
84,prolific
84005,core
84007,collaborator
84008,core
84013,collaborator
84014,prolific
84024,collaborator
84025,collaborator
84026,occasional
84032,core
84037,collaborator
84039,collaborator
84047,occasional
84052,occasional
84053,core
84056,prolific
84122,collaborator
84127,collaborator
84128,core
8413,prolific
84131,prolific
84135,core
84145,occasional
84150,prolific
84156,core
84162,collaborator
84164,prolific
84167,prolific
84176,prolific
84179,occasional
84180,collaborator
84182,prolific
84185,core
84186,core
84188,occasional
84198,prolific
84204,core
84205,collaborator
84207,prolific
84214,prolific
8425,core
84257,occasional
84259,occasional
84265,core
84267,occasional
84299,occasional
843,core
84300,collaborator
84301,prolific
84302,core
84318,core
84319,occasional
84323,occasional
84325,collaborator
84327,core
84332,prolific
84333,core
84334,occasional
84336,prolific
84424,occasional
84425,core
8445,collaborator
84456,prolific
84457,collaborator
84458,occasional
84459,occasional
8446,prolific
84462,occasional
84463,collaborator
84464,occasional
84477,occasional
84481,prolific
84482,occasional
84488,prolific
84491,core
84506,prolific
84507,prolific
84509,prolific
84510,prolific
84511,core
84512,core
84513,core
84514,collaborator
84515,collaborator
84520,core
84522,occasional
84524,prolific
84527,collaborator
84551,occasional
8456,core
8458,prolific
84585,core
8459,core
84609,occasional
8461,core
84610,occasional
84614,core
84619,collaborator
8462,occasional
84620,collaborator
84628,occasional
84629,prolific
8464,collaborator
84640,occasional
84641,collaborator
84643,core
84645,prolific
84646,prolific
84654,prolific
84657,core
84660,occasional
84662,occasional
84663,core
84697,core
84698,core
84727,prolific
84728,collaborator
84729,prolific
84730,prolific
84737,collaborator
84740,core
84741,prolific
84764,occasional
84769,occasional
84773,prolific
84774,occasional
84799,occasional
84800,occasional
84804,occasional
84806,core
84809,prolific
84813,occasional
84815,prolific
84817,collaborator
84818,core
84823,prolific
84844,prolific
84845,occasional
8485,prolific
84851,occasional
8486,occasional
84879,prolific
8488,core
84881,occasional
84882,prolific
84886,prolific
84903,collaborator
84904,collaborator
84910,core
84918,occasional
84919,collaborator
84933,collaborator
84935,prolific
84942,prolific
84943,occasional
84968,occasional
8497,collaborator
84975,collaborator
85009,occasional
85010,prolific
85011,prolific
85013,core
8503,core
85037,occasional
85039,prolific
85040,prolific
85051,collaborator
8506,core
8507,core
85077,occasional
85079,collaborator
8508,collaborator
85080,core
85090,collaborator
85091,collaborator
85092,prolific
85102,collaborator
85103,occasional
85104,occasional
85107,occasional
85108,occasional
85112,prolific
85113,occasional
85176,collaborator
85177,prolific
85187,core
85190,occasional
85191,core
85192,core
85193,core
85199,collaborator
85229,prolific
85272,core
85273,core
85274,prolific
85296,prolific
85298,occasional
85323,core
85351,core
85360,core
85363,core
85397,occasional
85398,occasional
85399,occasional
85400,occasional
85409,collaborator
85420,collaborator
85430,core
85432,collaborator
85451,prolific
85452,occasional
85455,core
85456,prolific
8546,occasional
85460,collaborator
85462,occasional
85476,prolific
8548,collaborator
85481,occasional
85482,core
85485,collaborator
85502,core
85503,collaborator
85507,core
85508,collaborator
85510,prolific
8552,collaborator
8553,occasional
85532,prolific
85536,collaborator
8554,occasional
85559,prolific
85560,occasional
85561,core
85562,occasional
85563,prolific
85565,collaborator
85566,prolific
85568,prolific
85570,collaborator
85572,prolific
85607,collaborator
8561,core
85659,collaborator
85667,prolific
85668,prolific
85740,prolific
85741,prolific
85744,core
85748,core
85750,occasional
85755,prolific
85756,prolific
85763,prolific
85764,prolific
85765,occasional
85767,prolific
85772,collaborator
85774,collaborator
85775,core
85778,core
85779,collaborator
85784,collaborator
85810,collaborator
85811,occasional
85814,prolific
85815,occasional
85816,core
85820,occasional
85822,occasional
85829,occasional
8583,collaborator
85832,collaborator
85834,prolific
85835,collaborator
85836,occasional
85837,collaborator
85838,core
85840,collaborator
85841,occasional
85842,collaborator
85844,core
85848,occasional
85851,prolific
85855,core
85857,core
85858,core
85859,occasional
8586,collaborator
85862,core
85871,prolific
85873,prolific
85874,collaborator
85876,core
85877,occasional
85879,collaborator
8588,prolific
85881,collaborator
85883,prolific
85891,collaborator
8590,prolific
85907,collaborator
85908,prolific
85909,core
85910,core
8592,core
85934,core
85940,occasional
85941,occasional
85942,occasional
85948,prolific
85952,core
85958,occasional
85962,prolific
85969,collaborator
85970,prolific
85972,prolific
85973,prolific
85977,prolific
85978,prolific
85986,prolific
85990,occasional
85991,core
85993,collaborator
85994,prolific
85995,core
85997,occasional
86,collaborator
86000,occasional
86002,core
86003,core
86006,prolific
86007,collaborator
86014,core
86016,collaborator
86017,occasional
86018,prolific
86021,occasional
86029,occasional
86035,collaborator
86037,core
86041,prolific
86042,prolific
86050,occasional
86052,collaborator
86058,occasional
86062,core
86063,prolific
86065,occasional
86067,collaborator
86084,prolific
86089,occasional
86094,collaborator
86096,core
86103,core
86104,occasional
86108,prolific
86113,collaborator
86116,prolific
86117,collaborator
86126,collaborator
86133,collaborator
86137,occasional
86139,collaborator
86146,collaborator
8615,collaborator
8620,core
86202,collaborator
86204,core
86210,occasional
86233,core
86234,occasional
86235,collaborator
86236,collaborator
86252,collaborator
8626,core
86260,collaborator
86261,collaborator
86266,collaborator
86268,core
8627,core
86304,core
86305,core
86311,collaborator
86312,collaborator
86314,collaborator
86316,core
86332,core
86334,core
86364,occasional
86368,occasional
86369,occasional
86411,occasional
86417,core
86418,core
86460,core
86483,occasional
86486,occasional
86499,core
86505,core
86506,core
86514,prolific
86516,collaborator
86521,prolific
86522,occasional
86524,core
86525,prolific
86528,core
86546,collaborator
86549,prolific
86554,prolific
86557,collaborator
86560,core
86561,core
86562,occasional
86563,prolific
86566,occasional
86579,collaborator
86595,collaborator
86596,prolific
86609,prolific
86614,occasional
86615,prolific
86651,core
86652,core
86654,core
86655,collaborator
86656,core
86657,occasional
86671,occasional
86676,collaborator
86677,core
86690,prolific
86691,prolific
86692,prolific
86694,occasional
86697,occasional
867,core
86700,prolific
86702,core
86703,core
86704,occasional
86721,occasional
86738,occasional
86739,occasional
86744,prolific
86746,core
86755,core
86758,core
86759,occasional
86781,prolific
86782,prolific
86783,core
86784,core
86787,collaborator
86788,prolific
86789,core
86816,occasional
8682,prolific
86824,core
86829,occasional
86838,prolific
86839,occasional
86840,core
86842,core
86843,prolific
86845,collaborator
86872,occasional
86892,occasional
86893,collaborator
86901,prolific
86902,collaborator
86903,occasional
86916,occasional
8692,collaborator
86923,occasional
8693,occasional
86951,core
86952,collaborator
86959,occasional
86960,core
86961,occasional
86963,occasional
86964,core
86965,prolific
86966,core
86974,prolific
86978,occasional
86979,collaborator
86986,prolific
86990,occasional
86991,core
86993,occasional
86994,occasional
87006,core
87009,collaborator
87010,collaborator
87018,core
87019,core
87025,collaborator
87034,occasional
87036,prolific
87038,occasional
87046,collaborator
8705,occasional
87054,core
87060,prolific
87061,core
87065,core
87066,prolific
87076,collaborator
87079,core
87083,occasional
87088,prolific
87089,prolific
8709,prolific
871,core
8710,occasional
8711,occasional
87128,occasional
87129,prolific
8713,core
87130,collaborator
87133,occasional
8714,prolific
87160,occasional
87165,collaborator
87168,core
87174,core
87177,collaborator
87181,prolific
87187,core
87194,occasional
872,collaborator
87214,occasional
87216,prolific
87219,collaborator
87226,collaborator
87227,collaborator
87232,occasional
87233,prolific
87234,core
87237,occasional
87262,core
87263,prolific
87264,prolific
87294,prolific
87295,collaborator
87296,core
87300,prolific
87302,prolific
87316,prolific
87325,occasional
87332,core
87334,prolific
87335,occasional
87336,collaborator
87337,core
87340,collaborator
87344,collaborator
87345,prolific
87353,occasional
87375,core
87376,core
87390,core
874,core
87401,occasional
87412,collaborator
87415,prolific
87419,occasional
87421,prolific
87422,core
87425,occasional
87426,collaborator
87427,collaborator
8744,collaborator
8745,prolific
87452,occasional
87454,collaborator
87455,collaborator
87456,prolific
87460,prolific
87485,core
87486,core
87488,core
87492,occasional
87493,collaborator
87497,collaborator
87500,prolific
87501,occasional
87502,collaborator
87506,core
87507,collaborator
8751,occasional
87510,core
87511,occasional
87512,prolific
87518,core
87519,occasional
87520,core
87521,core
87524,prolific
87525,core
87547,core
87548,core
87549,prolific
87563,core
87565,collaborator
87575,occasional
87579,core
87584,core
87591,prolific
87593,collaborator
87594,occasional
87596,core
87597,core
87598,prolific
87599,collaborator
87600,occasional
87601,core
87607,collaborator
87608,collaborator
87629,core
87632,core
87633,occasional
87637,core
87638,occasional
87656,prolific
87657,core
87661,core
87662,occasional
87664,prolific
87667,core
87675,prolific
87685,prolific
87690,prolific
87691,collaborator
87692,collaborator
87695,occasional
87716,occasional
87719,collaborator
87720,occasional
87726,prolific
87728,collaborator
8775,prolific
87760,prolific
8777,occasional
87779,core
87780,occasional
87781,core
8779,collaborator
87793,occasional
87885,collaborator
87888,prolific
87909,core
87910,collaborator
87931,core
87936,core
87944,prolific
87947,prolific
87949,core
8796,collaborator
8797,prolific
88,occasional
8800,collaborator
8801,collaborator
88012,core
88014,occasional
88015,prolific
88016,collaborator
88017,prolific
8803,occasional
88030,prolific
88032,collaborator
88038,prolific
8804,collaborator
88042,occasional
88046,core
88047,occasional
88052,prolific
88074,occasional
88075,core
88076,occasional
88082,occasional
88086,collaborator
88102,collaborator
88115,prolific
88116,prolific
88117,collaborator
88120,prolific
88121,collaborator
88122,prolific
88128,collaborator
88131,occasional
88135,prolific
88136,occasional
88155,collaborator
8816,core
88164,prolific
88166,prolific
88167,core
8817,occasional
88175,occasional
88176,prolific
88184,core
88198,occasional
88199,prolific
88200,occasional
88201,prolific
88202,prolific
88216,core
88217,prolific
88219,occasional
88220,collaborator
88221,collaborator
88224,collaborator
88227,core
8825,core
88283,prolific
88311,prolific
88312,core
88313,core
88320,occasional
8833,prolific
88339,core
8834,core
88348,collaborator
88349,core
88351,core
88352,core
88356,occasional
88357,occasional
88358,core
8836,core
88361,collaborator
88379,prolific
88381,prolific
88393,occasional
884,occasional
8840,core
88404,collaborator
88411,collaborator
88419,core
8842,occasional
88420,prolific
8844,collaborator
8846,prolific
88481,prolific
88482,core
88485,collaborator
88487,core
88491,core
88492,collaborator
88494,collaborator
88496,occasional
885,prolific
88511,prolific
88512,core
88514,core
88541,collaborator
88543,occasional
88560,core
88563,core
88568,prolific
88571,core
88572,prolific
88576,collaborator
88577,collaborator
88578,prolific
88583,prolific
88584,occasional
8859,prolific
88596,core
88598,occasional
88599,prolific
88600,core
88602,occasional
88604,core
88633,occasional
88644,collaborator
88647,collaborator
88648,occasional
88649,core
88650,prolific
88657,prolific
88658,core
88661,collaborator
88663,core
88664,core
88678,core
88680,occasional
88684,prolific
887,collaborator
88704,prolific
88705,core
88708,collaborator
88712,core
88715,core
88720,prolific
88727,prolific
88728,collaborator
88729,core
88734,collaborator
88744,occasional
88746,core
88752,prolific
88768,core
88847,core
88848,prolific
88850,core
88876,collaborator
88877,prolific
88881,collaborator
88884,prolific
88889,prolific
889,collaborator
88903,prolific
88905,prolific
88906,collaborator
88907,core
88911,prolific
88912,occasional
88913,core
88917,core
88919,core
88923,occasional
88924,occasional
88925,core
88930,core
88931,occasional
88932,occasional
88948,core
88950,core
88953,occasional
88957,occasional
88959,occasional
88962,prolific
88968,core
88969,collaborator
88981,occasional
88982,prolific
88984,collaborator
88985,collaborator
88987,collaborator
88994,prolific
890,prolific
89006,prolific
89013,collaborator
89014,core
89017,core
89020,occasional
89027,occasional
89033,occasional
89067,occasional
89072,collaborator
89073,prolific
89091,prolific
89092,core
89093,collaborator
891,collaborator
89100,prolific
89104,core
89109,core
89110,occasional
89113,collaborator
89114,occasional
89117,prolific
89119,prolific
8912,collaborator
89120,occasional
89121,collaborator
89124,prolific
89131,core
89140,occasional
89161,prolific
89162,collaborator
89163,core
89164,collaborator
89165,collaborator
89166,collaborator
89167,collaborator
89169,prolific
89170,prolific
89171,core
89173,core
89191,core
89194,core
8924,core
89242,occasional
89248,core
89249,prolific
89257,collaborator
89308,core
89312,occasional
89313,prolific
89317,collaborator
89323,core
89326,collaborator
89356,core
89358,core
89387,occasional
89425,occasional
89427,occasional
89458,collaborator
89460,collaborator
89461,core
89462,prolific
89483,prolific
89487,occasional
895,prolific
89516,occasional
8953,prolific
89538,collaborator
89548,core
89549,collaborator
8955,occasional
89558,prolific
89560,collaborator
8958,occasional
89588,core
89591,collaborator
896,collaborator
89603,occasional
89604,collaborator
89606,core
8961,collaborator
89611,occasional
89614,prolific
89619,prolific
89630,collaborator
89634,core
89641,prolific
89643,occasional
89644,occasional
89645,core
89646,collaborator
89647,core
89652,occasional
89654,core
897,core
89732,prolific
89734,collaborator
89737,collaborator
89745,core
89746,collaborator
89753,collaborator
89754,occasional
89755,collaborator
89777,core
89779,collaborator
8978,core
89781,prolific
89782,core
89783,occasional
8979,core
89794,prolific
898,core
8980,occasional
89801,core
89804,core
89812,occasional
89813,collaborator
89820,prolific
89821,prolific
89835,core
89836,prolific
89837,occasional
89838,occasional
89839,collaborator
89840,core
89848,occasional
8985,core
89857,core
89862,prolific
89869,collaborator
89881,occasional
89882,collaborator
899,core
8990,occasional
8991,collaborator
89910,occasional
89915,collaborator
89916,prolific
89922,prolific
89924,prolific
89926,core
89928,core
89929,collaborator
8995,collaborator
89969,occasional
89972,collaborator
89994,core
90000,core
90007,collaborator
90012,collaborator
90021,prolific
90023,collaborator
90025,collaborator
90031,collaborator
90038,collaborator
90043,core
90048,prolific
90049,core
90053,prolific
90063,prolific
90065,occasional
90068,prolific
90071,collaborator
90072,collaborator
90073,core
90074,core
90075,occasional
90077,prolific
90078,collaborator
90079,core
90083,collaborator
90093,core
90096,collaborator
90099,core
90100,collaborator
90104,core
9011,prolific
90113,collaborator
90117,collaborator
90118,collaborator
90119,collaborator
90120,occasional
90127,occasional
90128,prolific
90151,collaborator
90152,core
90171,collaborator
90186,prolific
90189,collaborator
90213,core
90216,collaborator
90251,core
90253,occasional
90258,prolific
90259,core
90260,occasional
90266,prolific
90268,occasional
90269,collaborator
90270,core
90272,core
90275,prolific
90281,collaborator
90284,occasional
90285,occasional
90286,occasional
9039,prolific
904,occasional
90402,core
90403,collaborator
90404,collaborator
90408,core
90411,core
90413,collaborator
90416,core
90426,occasional
90427,core
90437,occasional
90438,prolific
90439,occasional
90442,core
90450,collaborator
90452,collaborator
90453,core
90455,core
90462,prolific
90466,collaborator
90467,prolific
90476,core
9048,occasional
90485,occasional
90486,collaborator
9049,collaborator
90506,core
90507,collaborator
9052,core
90535,occasional
90536,occasional
90538,core
90550,core
90553,prolific
90577,occasional
90592,prolific
90594,occasional
90604,occasional
90618,occasional
90623,core
90625,occasional
90630,collaborator
90632,occasional
90637,collaborator
90645,core
90649,occasional
90650,prolific
90668,prolific
90671,core
9068,prolific
90689,prolific
9069,prolific
9070,prolific
90794,core
9080,occasional
90800,occasional
90805,occasional
90806,collaborator
90807,prolific
90809,collaborator
90812,collaborator
90815,occasional
90816,prolific
90822,core
90830,prolific
90831,occasional
90835,collaborator
90839,occasional
9084,collaborator
90841,collaborator
90850,collaborator
90853,occasional
90854,collaborator
90879,occasional
90881,core
90899,core
90900,prolific
90901,collaborator
90902,prolific
90908,collaborator
90909,occasional
90910,collaborator
90911,prolific
90912,prolific
90919,prolific
90922,collaborator
90938,core
90950,core
90954,occasional
90970,core
90972,occasional
90975,collaborator
90976,collaborator
90981,prolific
90983,core
90985,occasional
90986,prolific
91005,collaborator
91006,collaborator
91008,prolific
91012,collaborator
91015,collaborator
91025,prolific
91027,occasional
91028,collaborator
91029,prolific
9103,core
91031,prolific
91032,collaborator
91033,collaborator
91037,collaborator
91060,prolific
91061,collaborator
91062,core
91063,collaborator
91070,core
91101,core
91109,prolific
91130,occasional
91131,occasional
91152,core
91153,prolific
91154,prolific
91169,prolific
91178,occasional
91179,occasional
91186,prolific
91187,occasional
91190,prolific
91192,occasional
91194,occasional
91196,prolific
91215,prolific
91216,collaborator
91217,prolific
91220,collaborator
91221,occasional
91222,prolific
91227,occasional
9123,prolific
91230,occasional
91232,occasional
91233,occasional
91237,core
91246,occasional
91247,collaborator
91252,prolific
91253,collaborator
91254,core
91286,collaborator
91287,prolific
91288,prolific
91289,prolific
91312,core
91313,core
91318,prolific
91320,prolific
91321,core
91328,prolific
91329,collaborator
91334,occasional
91401,collaborator
91402,prolific
91403,prolific
91408,occasional
91409,occasional
91453,prolific
91456,occasional
91457,collaborator
91459,core
91481,collaborator
91484,core
91485,occasional
9151,prolific
91521,collaborator
91523,collaborator
91524,prolific
91541,core
91542,prolific
91549,collaborator
91552,occasional
91556,core
91557,prolific
91586,core
91591,prolific
91593,collaborator
916,collaborator
91612,collaborator
91613,occasional
91616,core
91617,prolific
91618,prolific
91619,prolific
91646,collaborator
91647,core
91648,occasional
91654,occasional
91657,collaborator
91658,occasional
91661,collaborator
91666,core
91668,core
9167,core
91672,core
91685,occasional
91686,prolific
91688,collaborator
91689,collaborator
91690,core
91692,core
91693,prolific
91699,occasional
91700,core
91701,prolific
91702,prolific
91703,collaborator
91704,collaborator
91752,prolific
91755,prolific
91756,collaborator
91772,occasional
91787,occasional
91796,prolific
91798,prolific
91807,occasional
91808,core
91812,core
91813,occasional
91843,collaborator
91858,collaborator
91863,core
91867,occasional
91868,prolific
91913,collaborator
91923,collaborator
91926,occasional
91927,occasional
91928,occasional
9193,collaborator
91930,occasional
91969,occasional
91970,prolific
91977,occasional
9199,collaborator
92001,collaborator
92004,occasional
92007,core
92008,core
92012,prolific
92013,core
92014,core
92015,prolific
92016,collaborator
92024,occasional
92028,core
9203,core
92043,prolific
92044,prolific
92045,core
9205,core
92062,core
92075,collaborator
9208,occasional
92081,collaborator
92085,collaborator
92088,core
92092,prolific
92093,collaborator
92094,prolific
92108,occasional
92109,collaborator
92113,core
9212,occasional
92123,core
92125,prolific
92128,collaborator
92129,core
92132,collaborator
92133,occasional
92134,core
92145,occasional
92149,collaborator
92150,core
92151,collaborator
92152,core
92163,collaborator
92164,occasional
92166,prolific
92168,prolific
9217,collaborator
92178,occasional
9218,collaborator
92189,core
92190,collaborator
92194,occasional
9220,collaborator
92208,prolific
92218,collaborator
92219,prolific
92220,prolific
92228,collaborator
92229,collaborator
92233,collaborator
92236,collaborator
92237,collaborator
92239,occasional
92240,collaborator
92243,collaborator
92248,collaborator
9226,core
92276,prolific
92279,prolific
9228,occasional
92281,collaborator
92297,prolific
92327,collaborator
92357,collaborator
92387,collaborator
92388,occasional
92390,occasional
92391,core
92395,prolific
92437,core
92438,occasional
92445,occasional
92447,core
92452,core
92454,occasional
92464,core
92468,collaborator
92472,occasional
92475,occasional
92477,core
92478,collaborator
92480,collaborator
92499,occasional
92500,core
92501,core
92504,core
92513,occasional
92516,core
92537,collaborator
92538,occasional
92539,core
92540,prolific
92552,collaborator
92554,collaborator
92555,core
92559,occasional
92562,occasional
92577,prolific
92578,prolific
92579,occasional
92580,occasional
92581,collaborator
92584,prolific
92588,occasional
92609,prolific
9261,collaborator
92622,collaborator
92625,collaborator
92626,collaborator
9263,collaborator
9266,collaborator
92662,collaborator
92663,core
92665,core
9267,prolific
9268,prolific
9276,collaborator
92790,prolific
92791,collaborator
9281,collaborator
92810,collaborator
92813,prolific
92817,occasional
92818,core
92826,occasional
92829,collaborator
9283,prolific
92831,collaborator
92832,prolific
9284,core
92872,occasional
92876,collaborator
92877,occasional
92880,collaborator
92881,core
92882,core
92914,core
92915,prolific
92916,occasional
92918,occasional
9292,prolific
92927,core
92930,collaborator
92933,core
92957,occasional
92958,prolific
9296,collaborator
92960,prolific
92961,core
92963,prolific
9297,collaborator
92975,core
92977,core
92978,collaborator
92998,occasional
93005,collaborator
93012,occasional
93025,core
93026,prolific
93029,occasional
93031,collaborator
93032,occasional
93033,prolific
93096,occasional
93097,core
93098,prolific
93099,prolific
93101,occasional
93104,core
93112,prolific
93113,prolific
93116,prolific
93119,core
93121,collaborator
93131,core
93132,prolific
93154,core
93155,occasional
93157,prolific
93158,core
9316,core
93160,prolific
9317,prolific
93172,occasional
93174,prolific
93176,core
93177,core
93179,occasional
93180,collaborator
9320,prolific
93207,occasional
9321,occasional
93220,prolific
93226,collaborator
93229,core
93235,occasional
93237,core
93240,collaborator
93271,core
93275,prolific
93278,collaborator
93280,occasional
93283,collaborator
93296,core
93297,core
93310,occasional
93312,core
93318,collaborator
93325,core
93326,collaborator
93327,prolific
93329,core
93330,collaborator
9334,collaborator
9335,occasional
9336,occasional
93360,occasional
93363,occasional
93364,occasional
93365,core
93371,occasional
93372,collaborator
93376,core
93385,collaborator
93395,occasional
93396,occasional
93402,occasional
93404,collaborator
93406,core
9341,collaborator
9342,collaborator
93426,occasional
93504,occasional
93505,core
93506,occasional
93508,prolific
93509,occasional
93517,occasional
93518,prolific
9352,collaborator
93520,collaborator
93521,prolific
93522,collaborator
93530,core
93532,core
93533,occasional
93535,prolific
93544,prolific
9355,collaborator
93554,core
93558,prolific
93559,collaborator
9356,collaborator
93561,core
93563,collaborator
93565,core
93579,collaborator
93580,core
93583,core
93585,prolific
93588,core
93595,prolific
93597,occasional
93603,occasional
93608,prolific
93610,prolific
93611,occasional
93624,prolific
93626,occasional
93627,core
93633,core
93647,core
93649,collaborator
93661,occasional
93679,occasional
93684,occasional
93689,prolific
93690,prolific
93692,occasional
93720,occasional
93725,occasional
93762,prolific
93763,occasional
93798,occasional
93801,prolific
93804,core
93806,occasional
93818,collaborator
93819,occasional
93820,prolific
93824,occasional
93835,core
93837,prolific
93838,prolific
93842,core
93843,core
93855,occasional
93859,collaborator
9386,prolific
93860,prolific
93868,collaborator
9387,occasional
93872,collaborator
93873,core
93885,occasional
93886,prolific
93889,occasional
9389,collaborator
93890,occasional
93891,occasional
93903,core
93910,core
93936,prolific
93937,collaborator
9394,occasional
93967,collaborator
93968,prolific
93970,collaborator
93984,core
93986,prolific
93987,occasional
93988,core
93989,collaborator
94022,prolific
94023,prolific
94024,core
94025,collaborator
94026,collaborator
94043,occasional
9409,occasional
9410,collaborator
9411,occasional
9412,prolific
94138,collaborator
9414,core
94140,prolific
94141,prolific
94143,prolific
94144,occasional
94145,prolific
94146,prolific
9416,occasional
9418,occasional
94235,collaborator
94244,prolific
94245,prolific
94250,prolific
94259,prolific
94260,collaborator
94267,prolific
94269,prolific
94274,core
9428,prolific
94287,core
9429,occasional
94290,collaborator
94291,collaborator
94299,prolific
94304,prolific
94306,occasional
94313,prolific
94315,collaborator
94316,prolific
94329,occasional
94330,prolific
94332,core
94348,collaborator
94350,collaborator
94357,collaborator
94360,core
94361,prolific
94364,occasional
94365,collaborator
94376,occasional
94380,collaborator
94381,prolific
94385,core
94388,collaborator
94389,collaborator
94390,core
94391,core
94392,occasional
94393,collaborator
94397,core
94399,collaborator
94403,core
94404,occasional
94408,core
94409,occasional
9441,prolific
94410,prolific
94412,prolific
94413,collaborator
94414,prolific
9442,occasional
94435,prolific
94445,prolific
9446,occasional
94486,collaborator
94487,collaborator
94490,core
94495,collaborator
94504,core
94513,core
94517,prolific
9452,prolific
94524,occasional
94525,prolific
94526,occasional
94530,core
94531,collaborator
94533,collaborator
94538,core
94539,core
94541,collaborator
94560,prolific
94561,core
94562,collaborator
94597,core
9461,collaborator
94624,occasional
94630,prolific
94634,occasional
94637,prolific
94638,occasional
94639,collaborator
94647,prolific
94648,prolific
94679,occasional
94680,core
94705,occasional
94710,core
94715,collaborator
94716,core
94726,prolific
94743,prolific
94745,prolific
94747,collaborator
94748,prolific
94751,prolific
94752,occasional
94753,occasional
94756,collaborator
94780,core
94787,core
94788,collaborator
94792,prolific
94793,core
94794,collaborator
94797,prolific
94806,collaborator
9481,collaborator
94817,occasional
9483,collaborator
94833,collaborator
94835,core
94838,collaborator
94840,collaborator
94841,prolific
94842,occasional
94847,prolific
94855,collaborator
94858,prolific
9486,occasional
94862,collaborator
94863,core
94864,core
94866,prolific
94868,collaborator
9487,occasional
94878,occasional
94879,occasional
9488,core
94880,core
94881,prolific
94887,collaborator
94915,prolific
94916,occasional
94918,core
94921,collaborator
94926,core
9494,occasional
94946,occasional
94947,prolific
94954,core
94958,occasional
94960,prolific
94962,collaborator
94963,core
94966,prolific
94967,collaborator
94969,prolific
94979,core
95,collaborator
9502,collaborator
95036,prolific
95038,core
9504,collaborator
95045,collaborator
95048,prolific
95049,occasional
95051,occasional
9506,prolific
95062,collaborator
95070,occasional
95071,prolific
95072,collaborator
9509,collaborator
9510,collaborator
95104,collaborator
95107,collaborator
95109,collaborator
95145,core
95146,collaborator
95147,core
95148,collaborator
95179,prolific
95180,occasional
95181,core
95194,collaborator
95198,collaborator
95213,core
9522,collaborator
95242,core
95251,collaborator
95252,collaborator
95255,prolific
95257,occasional
95258,occasional
95261,occasional
95267,core
95269,core
95270,occasional
95283,occasional
95284,prolific
95285,core
95291,occasional
95292,occasional
95318,collaborator
95319,occasional
95324,prolific
95357,prolific
95391,collaborator
95393,core
9540,collaborator
9541,prolific
9542,prolific
95424,collaborator
95426,core
9543,core
95431,collaborator
95438,collaborator
95442,prolific
95456,occasional
95460,collaborator
95461,collaborator
95462,core
9547,collaborator
95482,prolific
95487,collaborator
95495,core
95531,collaborator
95532,prolific
95533,occasional
95534,core
95535,core
95536,core
95537,occasional
95538,collaborator
95539,collaborator
95540,collaborator
95558,prolific
95559,core
95564,prolific
95565,core
95569,occasional
9557,occasional
95587,prolific
95588,occasional
95589,core
95609,occasional
9561,occasional
95610,prolific
95611,prolific
95613,occasional
9564,core
95646,collaborator
95649,prolific
9565,core
95663,occasional
95680,prolific
95681,collaborator
95690,occasional
95691,collaborator
95700,occasional
95701,collaborator
95704,prolific
9571,core
9572,collaborator
9573,collaborator
9574,prolific
95765,core
95766,prolific
95767,occasional
9577,occasional
95773,prolific
95774,prolific
95784,collaborator
95786,collaborator
95822,occasional
95823,collaborator
95824,collaborator
95828,occasional
95832,core
95839,collaborator
95841,core
95843,collaborator
95844,core
95845,core
95855,core
95857,core
95858,occasional
95860,core
95872,collaborator
95878,prolific
95879,occasional
95880,core
95881,core
95887,occasional
95888,core
95889,occasional
95893,prolific
95894,core
95895,collaborator
95911,collaborator
95927,prolific
95934,core
95937,prolific
95940,prolific
95941,collaborator
95952,prolific
95953,core
95956,occasional
95957,core
95981,collaborator
95982,collaborator
95996,collaborator
96002,occasional
9602,occasional
9606,prolific
96083,collaborator
96094,collaborator
96100,occasional
96101,collaborator
96118,collaborator
96119,core
9612,prolific
9613,prolific
96145,collaborator
96146,collaborator
96147,core
96157,occasional
96158,collaborator
96159,occasional
96164,prolific
9617,prolific
9618,occasional
96186,collaborator
96190,collaborator
96196,core
96197,collaborator
96233,collaborator
96234,prolific
96235,prolific
96238,prolific
96239,occasional
96241,core
96242,prolific
96244,occasional
96246,prolific
96261,core
96262,prolific
96263,occasional
96264,core
96304,collaborator
96326,core
96327,prolific
96328,occasional
96331,prolific
96332,core
96334,prolific
96351,collaborator
96352,occasional
96355,occasional
96356,prolific
96359,collaborator
96364,occasional
96365,occasional
96411,collaborator
96415,collaborator
96429,prolific
9643,occasional
96430,collaborator
96431,prolific
96436,collaborator
96437,occasional
96448,occasional
96449,occasional
96450,prolific
96456,collaborator
96459,collaborator
96463,prolific
96464,collaborator
9648,core
9649,occasional
96500,core
96504,occasional
96506,prolific
96512,core
96525,collaborator
96530,collaborator
96531,core
96533,prolific
9654,collaborator
96570,collaborator
96571,prolific
96596,core
96599,core
96600,prolific
96601,occasional
96602,collaborator
96615,core
96616,collaborator
96635,prolific
96641,prolific
96657,occasional
96663,collaborator
9667,occasional
9668,collaborator
96680,occasional
96687,collaborator
96688,occasional
9670,collaborator
9671,prolific
96726,collaborator
96729,core
96732,occasional
9674,occasional
96743,core
96744,prolific
96746,prolific
96747,core
96751,prolific
9676,core
96765,collaborator
96766,collaborator
96776,core
96778,collaborator
9678,core
96786,core
9679,prolific
96796,collaborator
96800,collaborator
96801,core
96802,core
96808,collaborator
96809,collaborator
96817,core
96818,collaborator
96819,core
96820,prolific
96829,prolific
96831,core
96832,prolific
96848,collaborator
96865,occasional
96870,occasional
96890,occasional
96892,occasional
96896,prolific
96897,core
96909,core
96913,core
96921,prolific
96922,prolific
96923,core
96925,occasional
96928,prolific
9696,prolific
96963,collaborator
96987,core
96994,core
96995,occasional
97,collaborator
97004,occasional
97005,occasional
97012,occasional
97013,collaborator
97014,prolific
97015,prolific
97016,occasional
97018,occasional
97019,prolific
97020,occasional
97026,prolific
97036,core
97037,occasional
97057,collaborator
97063,collaborator
97069,prolific
97070,collaborator
97101,core
97110,collaborator
97115,occasional
97128,collaborator
97135,collaborator
97137,core
97139,collaborator
97143,collaborator
97145,core
97147,prolific
97151,core
97163,core
97201,prolific
97202,collaborator
97207,prolific
97208,collaborator
97209,core
97217,prolific
97218,occasional
97249,core
97320,core
97354,occasional
97371,occasional
97372,collaborator
97373,occasional
97374,prolific
97387,core
97388,collaborator
97389,collaborator
97391,core
97402,core
97403,core
97404,collaborator
97408,occasional
97415,occasional
97416,occasional
97431,core
97432,collaborator
97434,core
97442,core
97443,core
97444,prolific
97463,collaborator
97469,collaborator
97470,prolific
97471,collaborator
97476,occasional
97478,collaborator
97479,core
97480,core
97481,prolific
97482,core
97483,prolific
97485,collaborator
97491,prolific
97492,collaborator
97493,collaborator
97494,core
97495,prolific
97499,collaborator
97503,occasional
97504,collaborator
97541,core
97542,core
97544,occasional
97553,occasional
97554,occasional
97571,collaborator
97583,occasional
97586,occasional
97587,collaborator
97588,collaborator
97589,collaborator
97590,collaborator
97595,occasional
97602,collaborator
97603,collaborator
97607,occasional
97608,occasional
97613,core
97615,prolific
97618,core
97622,occasional
97631,collaborator
97637,occasional
97638,occasional
97639,core
97654,collaborator
97658,occasional
97669,prolific
97672,core
97675,core
97676,core
97677,collaborator
97683,collaborator
97685,collaborator
97687,collaborator
97688,collaborator
9769,collaborator
97691,core
97698,collaborator
9770,prolific
97701,collaborator
97704,occasional
97725,core
97726,occasional
97734,prolific
9774,core
97745,occasional
97747,occasional
97749,occasional
97750,occasional
97752,core
97754,core
97788,occasional
97789,prolific
9780,collaborator
97815,core
97817,core
9782,prolific
97841,collaborator
97844,core
97847,collaborator
97849,occasional
97859,occasional
97860,occasional
97861,core
97865,occasional
97866,core
97871,prolific
97872,occasional
97877,collaborator
9790,prolific
97904,prolific
97906,occasional
97916,collaborator
97918,core
9792,collaborator
97920,occasional
97922,occasional
9793,prolific
97930,occasional
97931,occasional
97937,collaborator
97938,prolific
97939,core
97953,collaborator
97956,prolific
97966,occasional
97967,collaborator
97971,prolific
97974,collaborator
97983,prolific
98020,prolific
98023,collaborator
98024,prolific
98030,occasional
98031,core
98034,occasional
98055,prolific
98056,collaborator
98057,core
9806,occasional
98064,prolific
98067,occasional
98085,collaborator
98086,occasional
98087,occasional
98088,prolific
9810,core
9811,occasional
9814,occasional
98143,occasional
9815,core
98150,core
98151,occasional
98155,prolific
98156,occasional
98162,prolific
98165,prolific
98170,prolific
98188,occasional
98190,prolific
98191,core
98216,collaborator
98217,prolific
98225,core
98226,occasional
98229,occasional
98230,collaborator
98234,prolific
98238,occasional
98267,prolific
98278,collaborator
98279,occasional
98282,core
98315,occasional
98318,prolific
98319,core
98325,prolific
98326,prolific
98340,prolific
98343,core
98345,collaborator
98346,occasional
98348,core
98349,prolific
98354,collaborator
98356,core
98358,core
98412,collaborator
98417,occasional
98431,collaborator
98432,occasional
98439,core
98441,occasional
98449,occasional
98456,prolific
98463,core
98471,core
98477,collaborator
98506,prolific
98511,prolific
98512,prolific
98529,core
98532,collaborator
98533,core
98536,collaborator
98540,core
98541,prolific
98545,occasional
98571,prolific
98586,collaborator
98588,occasional
98589,prolific
98590,core
98621,prolific
98629,occasional
9863,collaborator
98631,core
98635,collaborator
98636,occasional
98637,prolific
98639,core
98643,core
98645,core
98647,collaborator
98651,core
98654,prolific
98698,occasional
98709,occasional
9871,core
98712,prolific
98714,collaborator
98721,core
98722,prolific
98724,occasional
98725,prolific
98731,core
98732,prolific
98735,collaborator
98736,occasional
98756,prolific
98759,occasional
98761,occasional
98765,core
98770,occasional
98771,core
98772,core
98776,occasional
98777,collaborator
98780,occasional
9884,core
98853,core
9886,core
98865,collaborator
9887,occasional
98871,prolific
98872,core
98873,core
9888,collaborator
98896,prolific
98926,prolific
98933,prolific
98940,prolific
98941,collaborator
98944,core
98947,occasional
98948,occasional
98949,prolific
98951,prolific
98952,occasional
98954,occasional
98956,prolific
98957,collaborator
9896,prolific
98961,core
98962,occasional
98963,collaborator
9897,collaborator
98970,core
9898,prolific
98980,prolific
98981,occasional
98983,occasional
9900,collaborator
9901,prolific
99023,occasional
99024,collaborator
99028,collaborator
99029,collaborator
99031,core
9904,core
9906,prolific
9907,collaborator
99086,collaborator
99104,prolific
99105,occasional
99107,core
9912,prolific
99126,occasional
99129,prolific
99131,occasional
99144,occasional
99165,prolific
99166,prolific
99170,prolific
99177,prolific
99178,collaborator
99179,occasional
99180,prolific
99193,collaborator
99211,core
99219,collaborator
99220,collaborator
99230,prolific
99239,core
99240,occasional
99242,core
99245,collaborator
99251,prolific
99254,prolific
99258,prolific
99259,collaborator
99260,core
99263,collaborator
99266,core
9929,core
99324,collaborator
99327,occasional
99332,collaborator
99347,collaborator
99348,core
99349,core
99359,occasional
99361,collaborator
99370,collaborator
99374,occasional
99375,occasional
99386,collaborator
9940,occasional
9941,prolific
9942,collaborator
99431,prolific
99432,prolific
99449,prolific
99450,prolific
99452,collaborator
99454,collaborator
99455,prolific
99456,collaborator
99462,prolific
99466,collaborator
99467,prolific
99468,core
99469,occasional
99470,core
99472,prolific
99474,occasional
99476,prolific
99477,core
99481,occasional
99482,core
99499,core
99500,prolific
99504,core
99505,core
99514,prolific
99520,prolific
99521,core
99539,prolific
99548,occasional
99561,occasional
99562,prolific
99566,prolific
99568,occasional
99570,collaborator
99572,prolific
99575,collaborator
99601,prolific
99613,collaborator
99614,prolific
99617,occasional
99621,prolific
99622,core
99623,occasional
99627,core
99634,prolific
99690,prolific
99717,occasional
99718,collaborator
99741,prolific
99755,prolific
99757,collaborator
99765,core
99774,prolific
9978,collaborator
9979,occasional
99793,core
99798,collaborator
9980,collaborator
99801,core
99802,collaborator
99825,occasional
99833,core
99841,core
9987,collaborator
99870,collaborator
99874,collaborator
99877,occasional
99878,core
99879,occasional
99882,collaborator
99883,core
99898,prolific
9990,collaborator
99908,occasional
99916,occasional
9992,collaborator
99923,core
99924,prolific
99930,occasional
99959,collaborator
99969,prolific
9997,core
99972,prolific
99973,collaborator
99974,core
99980,occasional
99981,prolific
9999,occasional
